candidate_id	movement_id	primary_pov	chapter_function	entry_state	exit_state	source_nodes	event_family_ids	bridge_decisions	knowledge_in	knowledge_out	npc_agency	irreversible_change	causal_predecessors	causal_returns	narrative_load	coverage_channel	protected_unknowns	status
V1-CAND-001	M1	TINH_XUYEN	Đặt Tĩnh Xuyên trước một cuộc chuyển quyền dựa trên võ lực nhưng chưa tự tạo đồng thuận, gieo niềm tin và nghi vấn về chính danh.	THIEN_VUONG_SUCCESSION_UNSET; Tĩnh Xuyên tin năng lực có thể tạo chính danh.	DUONG_THIET_TAM_NEW_BANG_MASTER; quyền lực mới vẫn bị thử thách.	T1/S1/E3;T1/S1/E6;T1/S1/D2	EF-T0001	R-14;TX-I-A;CAPQ-03;R-47;V1CAQ-01	Chỉ biết Anh Cô trở về và cuộc tuyển chọn qua điều trực tiếp thấy hoặc nghe.	Biết Dương Thiết Tâm nhận vị trí bang chủ và một số nguyên lão còn dè dặt; không biết ông mặc nhiên đúng.	Anh Cô định cơ chế kế vị; Dương Thiết Tâm tự chứng minh; Quý Thúc Ban và các cao thủ giữ phản ứng riêng.	Dương Thiết Tâm trở thành bang chủ.	NONE_OPENING	V1-CAND-005;V1-CAND-008	MEDIUM	DIRECT_TRIO	Tĩnh Xuyên trực tiếp đấu hay chỉ chứng kiến; phân vai chiến thắng avatar; tuổi, cấp bậc và gia thế.	AUTHOR-APPROVED PLANNING / NOT CANON
V1-CAND-002	M1	TIEU_PHUNG	Dựng cộng đồng nuôi Tiêu Phùng như một mạng lao động và bảo hộ, không kể thành chuỗi tutorial hay cấp võ công.	Tiêu Phùng 18 tuổi được Nghĩa quân bảo hộ và chưa biết thân thế thật.	Chàng hiểu đời sống mình dựa trên công sức, nghề nghiệp và quy tắc của nhiều người.	T157/S306/D446;T157/S307;T157/S308;T157/S309	EF-T0157	R-11;R-12;R-14;R-47;V1CAQ-01	Biết mình được Nghĩa quân nuôi; hỏi về cha mẹ nhưng chưa có câu trả lời khách quan.	Biết khó khăn hữu hình và những người duy trì cộng đồng; thân thế thật vẫn ngoài tri thức.	Thu Di, Long Ngũ, Điềm Tửu và các chủ tiệm tự đặt quy tắc, truyền việc và duy trì đời sống.	NONE_BASELINE_WITH_RETURN_TO_V1-CAND-009_AND_V1-CAND-017	NONE_OPENING	V1-CAND-003;V1-CAND-006;V1-CAND-009	MEDIUM	LIVING_LORE	Năm sinh dương lịch; họ thật; cha mẹ; võ công hoặc nghề đã thành thạo.	AUTHOR-APPROVED PLANNING / NOT CANON
V1-CAND-003	M1	TIEU_PHUNG	Biến chuyện Hứa Sĩ Vĩ–Thẩm Thiết Thạch thành bài học về chi phí chăm sóc và sự nguy hiểm của phán đoán vội.	Tiêu Phùng xem các yêu cầu của Thẩm là vô lý và chỉ thấy Hứa nhẫn nhịn.	Chàng biết qua lời Hứa rằng Thẩm từng chịu thương tích cứu người, nên sửa cách nhìn về món nợ chăm sóc dài hạn.	T157/S317/D463;T157/S318/D464;T157/S319/D465	EF-T0157	R-14;TP-I-A;R-47;V1CAQ-01	Biết hành vi kỳ quặc và yêu cầu của Thẩm qua trải nghiệm tại chỗ.	Biết lời kể của Hứa về quan hệ và thương tích; không biết chân tướng toàn bộ bệnh hoặc kẻ gây thương.	Hứa kiên trì chăm Thẩm; Thẩm từng cứu Hứa; Thẩm Hà Diệp giữ quan hệ gia đình riêng.	Tiêu Phùng sửa một phán đoán đạo đức, tạo chuẩn nội tâm cho việc không tự ôm mọi trách nhiệm.	V1-CAND-002	V1-CAND-009;V1-CAND-012	MEDIUM	DIRECT_TRIO	Tiên lượng thật; thuốc chữa; kẻ gây thương; số phận Thẩm Thiết Thạch.	AUTHOR-APPROVED PLANNING / NOT CANON
V1-CAND-004	M1	HA_NUONG	Đặt xung đột giữa quan sát thực chứng của Hạ Nương, niềm tin của Ma Y và khát vọng của Lệ Thu Thủy mà không xác nhận sự thật Du Long Giác.	Hạ Nương giữ khoảng cách bằng điều quan sát được; Bách Hoa là không gian môn phái khép kín.	Nàng biết Lệ Thu Thủy và Ma Y đang hành động theo một diễn giải về Du Long Giác; người ngoài đã bị hút tới nhưng custody/công năng bất định.	T12/S85/D100;T12/S85/E473;T12/S86/D101;T12/S86/E483;T12/S86/E484	EF-T0012	R-14;R-28;R-34;BFCQ-04;CDI-05;R-47;V1CAQ-01	Biết y lý và sinh hoạt môn phái; chưa biết artifact có thật hoặc có tác dụng gì.	Biết ai nói gì, có việc đo đạc và xâm nhập; không biết Ma Y đúng hay ai giữ vật.	Lệ Thu Thủy tự chọn tiếp tục tìm; Ma Y đưa diễn giải; Đan Bích Tú và người trong phái duy trì đường vào Bách Hoa.	NONE_EPISTEMIC_PRESSURE_WITH_RETURN_TO_V1-CAND-007_AND_V1-CAND-025	NONE_OPENING	V1-CAND-007;V1-CAND-025	MEDIUM	DIRECT_TRIO	DU_LONG_OBJECTIVE_CUSTODY; artifact function; độ đúng của Ma Y; actor combat/retrieval S86.	AUTHOR-APPROVED PLANNING / NOT CANON
V1-CAND-005	M2	TINH_XUYEN	Buộc Tĩnh Xuyên thấy quân lệnh đang vận hành trên lời tố cáo chưa chứng minh, đồng thời nhận tin Du Long dưới dạng báo cáo cần kiểm chứng.	Dương vừa nắm quyền; Cầu Chỉ Thủy chưa có phán quyết đáng tin.	CAU_CHI_THUY_DETAINED_CLAIM_UNPROVEN; DU_LONG_REPORT_RECEIVED_FROM_CHENGDU; Bùi Dực Phi được giao xác minh.	T1/S2/E8;T1/S2/E10;T1/S2/E12;T1/S2/E13	EF-T0001	R-14;TX-I-B;C-I-04;R-47;V1CAQ-01	Biết Cầu bị tố cáo qua lời tổ chức, chưa tự kiểm chứng.	Biết Quý nghi cáo buộc; thư Thành Đô nói Du Long xuất hiện ở Thúy Yên; không biết tin đúng hoặc custody thật.	Cầu chọn im lặng; Quý phản biện; sứ giả Thành Đô chuyển thư; Dương dùng mạng tình báo thay vì đóng toàn bộ phán quyết.	NONE_PRESSURE_ESCALATION_CUSTODY_AND_GUILT_REMAIN_OPEN	V1-CAND-001	V1-CAND-008	MEDIUM	DOCUMENT_TRACE	Cầu có tội hay không ngoài source; quan hệ giữa tin T1/S2 và T12/S92; custody; lịch tuyệt đối.	AUTHOR-APPROVED PLANNING / NOT CANON
V1-CAND-006	M2	TIEU_PHUNG	Chuyển việc khảo sát môn phái thành lựa chọn môi trường sống, không thành màn gia nhập hoặc nhận võ công tức thì.	Tiêu Phùng chưa biết mình muốn thuộc về thiết chế nào.	Chàng chọn hướng tìm đến Cái Bang qua đầu mối La Tuấn; lễ gia nhập và năng lực vẫn mở.	T157/S310/E1379;T157/S310/D454	EF-T0157	R-14;R-27;PB-02;R-47;V1CAQ-01	Biết các môn phái qua lời giới thiệu có giới hạn.	Có một hướng thuộc về và đầu mối; chưa có tri thức nội bộ Cái Bang.	Các tiếp dẫn trình bày môn phái; Thu Di yêu cầu khảo sát nhưng không quyết định thay.	Tiêu Phùng cam kết một hướng xuất hành, chưa nhận địa vị hay sức mạnh.	V1-CAND-002	V1-CAND-017;V1-CAND-021	LIGHT	DIRECT_TRIO	Lễ nhập bang; sư phụ; nhánh võ học; thư giới thiệu; đường đi.	AUTHOR-APPROVED PLANNING / NOT CANON
V1-CAND-007	M2	HA_NUONG	Chuyển nguy cơ trừu tượng thành thương tích cụ thể, kéo Hạ Nương khỏi vị trí người quan sát để cứu người trong khi môn phái tự phòng thủ.	Chu Tước hư hại; báo động nổi lên; các đội Thúy Yên đã tự vào vị trí.	Người bị lửa hại được đưa khỏi hiểm địa; Hạ Nương gánh trách nhiệm chăm sóc nhưng chưa biết thủ phạm hoặc custody.	T12/S87/E485;T12/S87/E492;T12/S88/E493;T12/S88/E498	EF-T0012	R-28;PB-04;R-34;BFCQ-04;CDK-05;R-47;V1CAQ-01	Chỉ biết báo động, dấu hư hại và môn phái bị xâm nhập.	Biết mức nguy qua lửa, thương tích và lời đệ tử; không biết lai lịch địch hoặc artifact truth.	Giảo Giảo dẫn người giữ cửa; đệ tử tự chiến đấu; Lệ Thu Thủy và Chung Linh Tú chỉ huy.	NONE_PRESSURE_ESCALATION; lựa chọn không thể hoàn tác được giữ cho V1-CAND-019.	V1-CAND-004	V1-CAND-011;V1-CAND-019	HEAVY	DIRECT_TRIO	Số thương vong; danh tính/kế hoạch địch; combat actors; custody; Huyền Nguyệt mechanism.	AUTHOR-APPROVED PLANNING / NOT CANON
V1-CAND-008	M2	TINH_XUYEN	Biến khủng hoảng nội bộ thành lựa chọn chính trị: tổ chức can dự cứu Hàn Thác Trụ trong khi bằng chứng mới làm lung lay vụ Cầu Chỉ Thủy.	Cầu đang bị nghi; Bùi đang điều tra; Du Long là tin báo chưa kiểm.	Bùi đưa bằng chứng Cầu khó là nội gián; Dương trục xuất Cầu nhưng nhận trách nhiệm cứu Hàn; Thiên Vương can dự triều chính.	T1/S3/E14;T1/S3/E17;T1/S3/E19;T1/S3/D4	EF-T0001	R-14;TX-I-C;R-47;V1CAQ-01	Biết tổ chức bất đồng và chưa biết nội dung ống thư.	Biết Lý Tuyền tự nhận thị vệ, lãnh đạo bàn cứu Hàn và Bùi phản bác giả thuyết Cầu là nội gián; chưa có historical truth.	Lý Tuyền tự tìm đường chuyển thư; Bùi theo dấu; Lâu và Quý phản đối theo lý do riêng; Dương quyết định và chịu trách nhiệm.	Thiên Vương nhận can dự cứu Hàn; Cầu bị trục xuất trong xử lý tổ chức.	V1-CAND-005	V1-CAND-010;V1-CAND-018	HEAVY	DOCUMENT_TRACE	Chân tướng mọi phe triều đình; nội dung ngoài lời nguồn; phân vai sát thủ; không rehearsal Ân Đồng.	AUTHOR-APPROVED PLANNING / NOT CANON
V1-CAND-009	M2	TIEU_PHUNG	Đưa khủng hoảng Giới Sơn Tông tới lựa chọn bảo vệ hạ tầng cộng đồng thay vì giải cứu cá nhân tức thời.	Giới mất tích; nguy cơ đối với thôn chưa rõ.	Tiêu Phùng lấy 20 chìa khóa, biết Giới bị thương và chấp nhận mang chìa khóa đi trước.	T157/S311/E1392;T157/S320/D466;T157/S320/E1429;T157/S320/E1431	EF-T0157	R-14;TP-I-C;R-47;V1CAQ-01	Biết Giới bị bắt nhưng chưa hiểu nguy cơ thủy lưu.	Biết lời Giới về hệ thống, 21 chìa khóa và ưu tiên bảo vệ thôn; chưa biết thôn đã ngập hoặc phe nào phối hợp.	Giới thiết kế hệ thống, tự quyết ở lại và chỉ dẫn ưu tiên; các nhóm bắt giữ có mục tiêu chưa đồng nhất.	Tiêu rời Giới với 20 chìa khóa thay vì tự mình đưa ông về.	V1-CAND-003	V1-CAND-012	HEAVY	DIRECT_TRIO	Tình trạng ngập; số nạn nhân; chìa thứ 21; cách Giới thoát; phân phối từng trận.	AUTHOR-APPROVED PLANNING / NOT CANON
V1-CAND-010	M2	TINH_XUYEN	Cho Tĩnh Xuyên làm một mắt xích hộ tống và nhận ra sinh mạng Hàn phụ thuộc mạng người, mồi nhử, quân tiếp ứng và thủy đạo chứ không chỉ võ lực cá nhân.	Thiên Vương đã quyết định cứu Hàn; tuyến thoát bị truy sát.	Hàn được bàn giao cho cao thủ Thiên Vương và rời theo thủy đạo bí mật; phần việc của Tĩnh Xuyên kết thúc ở một mắt xích.	T1/S4/E20;T1/S4/E24;T1/S4/D5;T1/S4/D7	EF-T0001	R-14;TX-I-C;R-47;V1CAQ-01	Biết kế hoạch hộ tống cục bộ và yêu cầu giữ bí mật.	Biết Hàn đã rời đảo qua mạng tiếp ứng; chưa có bằng chứng đủ để kết luận toàn Ngũ Độc hoặc chủ mưu.	Hàn và vệ sĩ tự lựa chọn; Lư Tiếu Bần có mục tiêu riêng; lực lượng tinh nhuệ Thiên Vương nhận chặng cuối.	Hàn rời khỏi cửa sổ Thanh Loa.	V1-CAND-008	V1-CAND-013	HEAVY	DIRECT_TRIO	Phân phối từng đòn; thương tích; chủ mưu; thời lượng và đường thủy chính xác.	AUTHOR-APPROVED PLANNING / NOT CANON
V1-CAND-011	M2	HA_NUONG	Chứng minh y thuật cá nhân không thay thế năng lực tổ chức: Hạ Nương giữ liên lạc/chăm sóc còn môn phái và cao thủ giữ chiến trận.	Phòng tuyến bị chia cắt; tổ chức cần tập hợp nhân lực và giành lại thế chủ động.	Đợt tấn công bị chặn nhờ hành động tập thể; tù binh và thương binh mở sang hậu quả điều tra/chuyển chữa.	T12/S89/D104;T12/S89/E499;T12/S89/E506;T12/S90/D105;T12/S90/E507;T12/S90/E511	EF-T0012	R-28;PB-04;R-30;PB-06;R-47;V1CAQ-01	Biết phòng tuyến mất liên kết và thương binh tăng.	Biết ai được huy động và kết quả phòng thủ có thể quan sát; không biết cơ chế Huyền Nguyệt hoặc chủ mưu.	Chung Linh Tú đặt chiến thuật; Lệ Thu Thủy phát tín hiệu; Đông Hoài, Hạ Thịnh và phu phụ Đường Nhất Trần giữ quyền chiến đấu.	NONE_INSTITUTIONAL_SURVIVAL_TURN; Hạ Nương không nhận chiến thắng.	V1-CAND-007	V1-CAND-019	HEAVY	DIRECT_TRIO	HUYEN_NGUYET_MECHANISM; từng đòn; người hạ thủ lĩnh; custody; thương vong.	AUTHOR-APPROVED PLANNING / NOT CANON
V1-CAND-012	M2	TIEU_PHUNG	Hoàn tất bài học ủy quyền: giao chìa khóa cho Thu Di để tổ chức cứu Giới và huy động mạng cửa tiệm.	Tiêu giữ chìa khóa và muốn quay lại cứu Giới.	Thu Di giữ chìa, tự cử người cứu; Tiêu nhận phần cảnh báo/hỗ trợ hữu hạn; kết quả cứu chưa biết.	T157/S320/E1432;T157/S312/E1393;T157/S312/E1408	EF-T0157	R-14;CDI-03;R-47;V1CAQ-01	Biết Giới đang nguy hiểm và hệ thống thủy lưu có rủi ro.	Biết Thu Di đánh giá nguy cơ chưa như dự tưởng và tổ chức đã hành động; không biết kết quả cứu.	Thu Di điều người; các chủ tiệm bảo vệ hạ tầng và duy trì nghề nghiệp thay vì chờ Tiêu giải quyết hết.	Tiêu trao quyền kiểm soát chìa khóa và mạng cứu hộ cho cộng đồng.	V1-CAND-009	V1-CAND-014;V1-CAND-017	MEDIUM	LIVING_LORE	Người/cách cứu Giới; kết quả cứu; mức thiệt hại; cơ chế ngoài source.	AUTHOR-APPROVED PLANNING / NOT CANON
V1-CAND-013	M2	TINH_XUYEN	Đưa một chứng cứ giới hạn về nhóm thích khách vào quyết định lãnh đạo rồi cho thấy việc cứu Hàn đã kéo xung đột công khai tới đảo.	Hàn đã rời; lai lịch đối thủ chưa đủ chứng cứ.	Độc Hỏa Thảo hỗ trợ nhận định hẹp về thích khách; lực lượng Đại Nội đổ bộ; Thiên Vương bước vào phòng thủ công khai.	T1/S5/E25;T1/S5/E26;T1/S5/E28;T1/S5/D8	EF-T0001	R-14;TX-I-D;R-47;V1CAQ-01	Biết đối thủ truy Hàn nhưng chưa rõ affiliation.	Biết vật chứng hỗ trợ nhận định về nhóm thích khách và báo cáo tiền tuyến gọi lực lượng mới là Đại Nội; không biết toàn Ngũ Độc đồng chủ mưu.	Bang Chúng Kính Trang đề nghị tìm vật chứng; Dương đánh giá; trinh sát/bang chúng báo động cuộc đổ bộ.	Xung đột từ bí mật chuyển thành vây đánh công khai.	V1-CAND-010	V1-CAND-015	MEDIUM	DIRECT_TRIO	Toàn Ngũ Độc có cùng mục tiêu hay không; ai ra lệnh; historical truth; casualty count.	AUTHOR-APPROVED PLANNING / NOT CANON
V1-CAND-014	M2	TIEU_PHUNG	Khiến bí mật thân thế trở thành mối nguy công cộng qua vụ Bạch Cương mà không giải chân tướng cha mẹ hoặc quan hệ giữa các cuộc tấn công.	Tiêu vừa chạm một thư cũ và tin Bạch Cương trở về.	Biết Bạch bị nhiều nhóm truy sát, trục cuốn bị xé và sự hiện diện của mình có thể kéo nguy hiểm về thôn.	T157/S313/E1412;T157/S313/E1414;T157/S321/E1433;T157/S321/D467;T157/S322/E1437;T157/S322/D468	EF-T0157	R-12;R-14;TP-I-D;R-47;V1CAQ-01	Chỉ có lời Thu Di về cha mẹ và Bạch Cương.	Biết đó là lời kể và một trục cuốn tồn tại; chưa biết Minh Dương–Tố Trinh là tri thức của Tiêu hay causal link giữa các vụ.	Thu Di phái tinh nhuệ; Cao Thăng và Thôi Kiếm giữ tuyến; Bạch Cương bảo quản thông tin và người tiếp ứng trả giá.	Tiêu nhận ra việc ở lại có thể khiến cộng đồng tiếp tục thành mục tiêu.	V1-CAND-012	V1-CAND-017	HEAVY	DIRECT_TRIO	Quan hệ thật giữa phá thủy lưu và truy Bạch; chân tướng cha mẹ; số tử thương; phân phối chiến đấu avatar.	AUTHOR-APPROVED PLANNING / NOT CANON
V1-CAND-015	M2	TINH_XUYEN	Làm suy yếu ảo tưởng thi hành đúng lệnh là đủ bằng một thắng lợi phòng thủ tạm thời trong khi mặt trận khác tiếp tục trả giá.	Đại Nội tấn công; Dương đã phát lệnh phản công.	Huyền Long Than tạm an toàn; việc cầm chân giúp Hàn thêm cơ hội; Đại Mãnh Chủy lâm nguy và đã có tổn thất.	T1/S6/E29;T1/S6/E30;T1/S6/D9	EF-T0001	R-14;TX-I-D;R-47;V1CAQ-01	Chỉ biết mệnh lệnh và mặt trận được giao.	Biết thắng cục bộ không giải vây toàn đảo; biết mạng người và thời gian ở mặt trận khác là cái giá.	Dương định chiến lược; bang chúng giữ tuyến; người báo tin khiến quyết định phải đổi; chiến sự không dừng theo POV.	Báo cáo xác lập phòng tuyến khác đã chịu tổn thất; không thể trở về trạng thái chưa trả giá.	V1-CAND-013	V1-CAND-016	HEAVY	DIRECT_TRIO	Số người chết; danh tính/thương tích; phân vai đặt cờ/chiến đấu; chronology tuyệt đối.	AUTHOR-APPROVED PLANNING / NOT CANON
V1-CAND-016	M2	TINH_XUYEN	Chuyển trọng tâm chiến công sang kỹ nghệ–hậu cần và để bằng chứng phản bội nội bộ khiến giải pháp quân sự đơn tuyến không còn đủ.	Đại Mãnh Chủy bị ép; phòng tuyến cần quân bị.	Tiễn xa vào hệ thống dưới quyền Hùng Đỉnh; quân lệnh bí mật cho thấy Diêm Bang hỗ trợ Đại Nội tìm thư; vòng vây buộc cầu viện.	T1/S7/E31;T1/S7/E34;T1/S7/E36;T1/S7/D10	EF-T0001	R-14;TX-I-D;R-47;V1CAQ-01	Biết mặt trận thiếu phương tiện nhưng chưa biết nguyên nhân thất thủ.	Biết Hùng Đỉnh sở hữu kỹ nghệ/chỉ dẫn và bằng chứng hẹp về Diêm Bang; chưa biết toàn bộ mạng phản bội.	Hùng Đỉnh thiết kế/hướng dẫn; Dương điều quân; bang chúng giữ tuyến; Diêm Bang hành động cho phía đối phương.	Bằng chứng phản bội của Diêm Bang tới lãnh đạo; khủng hoảng không còn chỉ là ngoại kích.	V1-CAND-015	V1-CAND-018	MEDIUM	DIRECT_TRIO	Quy mô phe Diêm Bang; nội dung quân lệnh ngoài nguồn; phân vai chế tạo/chiến đấu; không nâng Tĩnh Xuyên thành người phát minh.	AUTHOR-APPROVED PLANNING / NOT CANON
V1-CAND-017	M3	TIEU_PHUNG	Khôi phục nguyên văn sấm thi rồi buộc Tiêu rời quê khi mọi câu trả lời vẫn chưa có.	Trục cuốn phân mảnh; thôn và mạng Nghĩa quân bị đe dọa.	Bốn câu sấm được đọc nguyên văn; cộng đồng giữ home front; Tiêu rời đi qua Cao Thăng với món nợ chưa khép.	T157/S323/E1438;T157/S323/E1442;T157/S323/E1443;T157/S323/D469	EF-T0157	R-05;R-12;R-14;PB-02;R-47;V1CAQ-01	Biết trục cuốn gắn với lời cha để lại theo lời Bạch.	Biết nguyên văn sấm nhưng không biết nghĩa, cha mẹ thật hoặc kẻ chủ mưu.	Cao Thăng và Thôi Kiếm truy mảnh; Thu Di bố trí bảo vệ; Bạch Cương cảnh báo nhưng không giải được sấm.	Tiêu rời nơi nuôi mình lớn, mang trách nhiệm với người ở lại.	V1-CAND-006;V1-CAND-014	V1-CAND-021	HEAVY	DIRECT_TRIO	Diễn giải sấm; đích/chặng/thời lượng; thư giới thiệu; số người bị hại; cha mẹ sống/chết theo chân lý khách quan.	AUTHOR-APPROVED PLANNING / NOT CANON
V1-CAND-018	M3	TINH_XUYEN	Cho Tĩnh Xuyên rời phòng tuyến để mang hai thư, hoàn tất giao cho Cái Bang rồi rút khỏi cửa sổ hiện diện, chấp nhận mất quyền kiểm soát hậu quả.	Thanh Loa bị vây; Tĩnh Xuyên nhận hai thư gửi Thạch Hiên Viên và Cầu Chỉ Thủy.	TX_LETTER_HANDOFF_DELIVERED_TO_CAI_BANG; TX_EXITED_WINDOW; Cái Bang sở hữu thư và tự quyết.	T1/S8/E37;T1/S8/E40;T1/S8/E41;T1/S8/D11;T2/S9/E42;T2/S9/E43;T2/S9/E44;T2/S9/D12	EF-T0001;EF-T0002	R-17;R-27;PB-01;R-29;PB-05;R-33;BFCQ-03;R-38;CDQ-03;R-47;V1CAQ-01	Biết mục đích hai thư trong phạm vi Dương trực tiếp giao và đảo đang bị vây.	Biết Thạch/Cầu nhận thư và phản hồi nói trước khi chàng rời; không biết quyết định, lôi đài hoặc Tiêu Phùng tới sau.	Dương quyết mục tiêu thư; Bùi chuẩn bị phương tiện; ngư phu và La Phong vận hành handoff; Thạch/Cầu tự quyết.	Tĩnh Xuyên rời người/phòng tuyến muốn bảo vệ, hoàn tất bàn giao và mất quyền kiểm soát hậu quả.	V1-CAND-016	CDK-02;V1-CAND-021;C-I-01	HEAVY	DOCUMENT_TRACE	Đích, đường, phương tiện chặng sau, thời lượng, việc quay lại; câu chữ thư ngoài nguồn; không giữ điều khoản ở lại rèn luyện; không gặp Tiêu Phùng.	AUTHOR-APPROVED PLANNING / NOT CANON
V1-CAND-019	M3	HA_NUONG	Để điều tra thất bại và Tam Muội trọng thương buộc Hạ Nương chọn chuyển chữa thay vì truy artifact/manh mối, thừa nhận giới hạn y thuật.	Địch lui nhưng lai lịch chưa rõ; thương binh vượt khả năng chữa tại chỗ.	Tù binh chết trước lời giải; Tam Muội được chuyển tới điểm chữa Đại Lý; kết quả y khoa và khoảng vắng của Hạ Nương để mở.	T12/S91/D106;T12/S91/E512;T12/S91/E515	EF-T0012	R-28;R-34;BFCQ-04;CDK-05;R-47;V1CAQ-01	Biết chiến sự vừa kết thúc và còn người bị thương.	Biết tù binh tự tử và Tam Muội cần chuyển chữa; không suy thủ phạm từ độc.	Đường Nhất Trần và Doãn Hàm Yên xử lý tra hỏi; tù binh tự chọn chết; Lệ Thu Thủy yêu cầu chuyển bệnh nhân; y giới Đại Lý nhận chặng chữa.	Hạ Nương ưu tiên mạng người, chấp nhận bỏ trống một khoảng quan sát về artifact/nội bộ môn phái.	V1-CAND-011	V1-CAND-024	HEAVY	DIRECT_TRIO	Chẩn đoán, phương thuốc, kết quả; người đồng hành; hành trình Đại Lý; nguồn độc; custody.	AUTHOR-APPROVED PLANNING / NOT CANON
V1-CAND-020	M4	SATELLITE_CANDIDATE	Cho Lục Trầm Châu tự lựa chọn đoạn tuyệt Diêm Bang và theo Thạch Hiên Viên trước khi trở thành người thi hành phán quyết bang quy, không dùng Tiêu Phùng làm camera cho đời ông.	Lục bị đặt vào nguy cơ từ Tô Hữu Tưởng; source avatar từng can thiệp.	LUC_RESCUE_CAI_BANG_OFFSCREEN_ACTION_NO_NAMED_RESCUER; Lục sống, tự chọn theo Thạch và đủ hiện diện cho lôi đài.	T2/S10/E49;T2/S10/E50;T2/S12/E57;T2/S12/E59;T2/S12/E60	EF-T0002	R-31;BFCQ-01;R-36;CDQ-01;LWCQ-02;CAPQ-04;R-48;V1CAQ-02	Lục chỉ biết nguy cơ, cách mình bị đối xử và điều Thạch đề nghị; không biết ai/cách nào cứu nếu ngoài trải nghiệm được phép kể.	Biết mình còn sống và có lựa chọn đổi đường; không biết chuyện Tiêu Phùng hoặc custody Du Long.	Lục tự cân nhắc và chọn theo Thạch; Thạch đưa đề nghị; Cái Bang hành động như thiết chế, không sản sinh cứu tinh toàn năng.	Lục đoạn tuyệt Diêm Bang và chọn đi theo Thạch Hiên Viên.	V1-CAND-018	V1-CAND-022	MEDIUM	SATELLITE_CANDIDATE	Danh tính/cách/cái giá cụ thể của việc cứu; chi tiết thương tích; hành trình; mọi tri thức ngoài tầm Lục.	DEFERRED / NOT IN DEFAULT ARCHITECTURE
V1-CAND-021	M3	TIEU_PHUNG	Đưa Tiêu vào Cái Bang qua La Tuấn như người ngoài tìm chỗ thuộc về, không nhập ký ức avatar Thiên Vương.	Tiêu đã rời quê và chỉ có lựa chọn hướng Cái Bang.	TP_CAI_BANG_ENTRY_APPROVED_VIA_LA_TUAN_DETAILS_OPEN; Tiêu hiện diện sau khi Tĩnh Xuyên đã rời.	T157/S310/E1379;T157/S323/E1443;T2/S9	EF-T0157;EF-T0002	R-17;R-27;PB-01;PB-02;BFCQ-03;CDQ-03;R-47;V1CAQ-01	Biết Cái Bang ở mức lời tiếp dẫn.	Chỉ biết điều La Tuấn và môi trường hiện tại cho thấy; không biết thư Thiên Vương hoặc người đưa thư.	La Tuấn giữ vai gatekeeper; Cái Bang tự quyết định mức tiếp nhận.	Lựa chọn môn phái biến thành hiện diện thực tế, chưa đồng nghĩa địa vị hay võ học.	V1-CAND-017;V1-CAND-018	V1-CAND-022;V1-CAND-023	LIGHT	DIRECT_TRIO	Đường, bến, ngày, thư, lễ nhập bang; nơi Tĩnh Xuyên đi tiếp; không gặp trio.	AUTHOR-APPROVED PLANNING / NOT CANON
V1-CAND-022	M4	TIEU_PHUNG	Cho Tiêu chứng kiến Cái Bang thi hành bang quy qua Lục đấu Thôi, tách công lý tổ chức khỏi chiến công protagonist.	Lục sống, chọn theo Thạch; Tiêu đã vào môi trường Cái Bang; lôi đài phục vụ xử lý bang quy.	Lục trực tiếp đấu Thôi để phán quyết được thi hành; Tiêu không nhận công, võ học hoặc vị thế.	T2/S10/E50;T2/S12/E59;T2/S12/E60;T2/S13/E64;T2/S13/E65;T2/S13/E67	EF-T0002	R-14;R-27;R-31;BFCQ-01;R-33;R-36;PB-03;CDQ-01;R-47;V1CAQ-01	Tiêu chỉ biết điều chứng kiến/nghe hợp lệ; không biết toàn bộ vụ cứu Lục.	Hiểu bang quy có giá và Lục có lựa chọn riêng; không sở hữu chiến công hoặc động cơ kín.	Lục tự đấu; Thạch chịu trách nhiệm phán quyết; Cái Bang tự giữ Lục sống; Tiêu là nhân chứng giới hạn.	Phán quyết tổ chức được thực thi; Lục gánh hậu quả lựa chọn bang phái.	CDK-02;V1-CAND-021	V1-CAND-023;V1-CAND-026	HEAVY	DIRECT_TRIO	Người/cách cứu Lục; chi tiết trận/thương tích; aftermath cá nhân; Tiêu xem toàn bộ hay một phần.	AUTHOR-APPROVED PLANNING / NOT CANON
V1-CAND-023	M4	TIEU_PHUNG	Đối chiếu đại sự lôi đài với phần việc hữu hạn: La Phong làm phần áp giải lớn, Tiêu chỉ chịu trách nhiệm với Lâm Đông Sơn.	Tiêu dễ đồng nhất nghĩa hiệp với làm việc lớn; bang đã phân loại người chịu phạt.	La Phong tự dẫn phần lớn đoàn; Tiêu hoàn thành một trách nhiệm nhỏ trong cơ chế kỷ luật rộng hơn mình.	T2/S14/E70;T2/S14/E71;T2/S14/D18	EF-T0002	R-14;PB-03;R-47;V1CAQ-01	Biết người phạm luật đang được phân loại/xử phạt.	Biết phần việc của mình và La Phong; không mặc nhiên biết toàn bộ nội bộ Thạch Trường.	Cầu Chỉ Thủy phân công; La Phong dẫn phần lớn người; Lâm Đông Sơn có tình trạng và rủi ro riêng.	Lâm Đông Sơn được bàn giao vào chế độ lao dịch; Tiêu chấp nhận giới hạn trách nhiệm.	V1-CAND-022	V1-CAND-026	MEDIUM	DIRECT_TRIO	Chi tiết hành trình; mức tin cậy Tiêu đã có; toàn bộ T2/S15–S24.	AUTHOR-APPROVED PLANNING / NOT CANON
V1-CAND-024	M4	HA_NUONG	Biến thắng trận thành hậu quả xã hội: Hạ Nương trở về thấy tổn thất, chuyển giao lãnh đạo và nhu cầu phục hồi vượt khả năng một y giả.	Hạ Nương hoàn tất chuyển chữa; trật tự cũ bị đại nạn làm suy yếu.	Doãn Hàm Yên nhận trách nhiệm lãnh đạo; chữa thương, nhân lực và ngân lượng thành vấn đề hệ thống.	T12/S91/E515;T12/S92/D107	EF-T0012	R-28;HN-I-E;R-47;V1CAQ-01	Biết điều mình đã cứu/chuyển; chưa biết toàn bộ thiệt hại lúc vắng mặt.	Biết môn phái sống sót nhưng đổi người gánh trách nhiệm và cần phục hồi dài hạn.	Chung Linh Tú nhận trách nhiệm; Lệ Thu Thủy trao việc; Doãn Hàm Yên nhận lãnh đạo; đệ tử duy trì đời sống.	Quyền và gánh nặng môn chủ chuyển sang Doãn Hàm Yên; đại nạn để lại tổn thất không thể reset.	V1-CAND-019	V1-CAND-025	MEDIUM	AFTERMATH	Kiểm chứng con số thương vong; kết quả Tam Muội; kỷ luật và phản ứng dài hạn; custody.	AUTHOR-APPROVED PLANNING / NOT CANON
V1-CAND-025	M5	HA_NUONG	Cho Hạ Nương thấy tổ chức biến tai họa thành bản tin chiến lược rồi dùng lao động thêu để tự nuôi phục hồi, không biến bản công khai thành sự thật khách quan.	Lãnh đạo mới thiếu người, thiếu tiền và không thể xác nhận custody khách quan.	Thông cáo bị cướp đã rời Thúy Yên và tới Thạch Hiên Viên; hàng thêu tạo nguồn lực; Hạ Nương biết khoảng cách giữa lời công khai và điều quan sát.	T12/S92/D107;T12/S92/E516;T12/S92/E517;T12/S92/E518;T12/S92/E519	EF-T0012	R-29;PB-05;R-32;BFCQ-02;R-34;BFCQ-04;CDK-04;CDI-06;R-47;V1CAQ-01	Biết đại nạn, tái thiết và rằng custody không thể xác nhận.	Biết nội bộ cố ý chọn thông điệp công khai; không biết Thạch/Cái Bang tin thế nào hoặc Tiêu được relay ra sao.	Doãn Tiêu Vũ đề xuất; Lệ Thu Thủy nêu giá; Chung đồng thuận; Doãn Hàm Yên quyết; người thợ làm hàng; Thạch/Cái Bang tự phản ứng.	Thông cáo đã phát nên tri thức xã hội không thể thu hồi; lao động môn phái trở thành nguồn lực tái thiết.	V1-CAND-024	V1-CAND-026;C-I-02	HEAVY	DOCUMENT_TRACE	DU_LONG_OBJECTIVE_CUSTODY; câu chữ/hình thức/độ trễ; relay actor; phản ứng bốn phái; artifact function.	AUTHOR-APPROVED PLANNING / NOT CANON
V1-CAND-026	M5	TIEU_PHUNG	Biến thông cáo Bách Hoa thành áp lực công khai tại Cái Bang mà không tiết lộ custody hay nối trio trực tiếp.	Thạch đã nhận thông cáo; Tiêu đã có một phần việc hữu hạn trong Cái Bang.	Phần công khai được Cầu Chỉ Thủy relay cho Tiêu để yêu cầu phán đoán bang vụ; Cái Bang đã cam kết hỗ trợ; Tiêu chỉ biết lời công khai.	T12/S92/E516;T2/S13/E69;T2/S14	EF-T0012;EF-T0002	R-17;R-29;R-32;R-37;PB-05;BFCQ-02;CDQ-02;R-47;V1CAQ-01;R-49;V1CAQ-03	Không biết nội bộ Bách Hoa, Hạ Nương hoặc ai giữ ngọc.	Chỉ biết bản công khai bị cướp và hệ quả Cái Bang giao; không biết custody hay hai POV còn lại.	Doãn Hàm Yên gửi sứ giả; Thạch quyết định hỗ trợ; Cầu Chỉ Thủy relay theo chức năng chính trị; Tiêu không sở hữu mạng tin.	Cái Bang công khai nhận trách nhiệm hỗ trợ; Tiêu chấp nhận hành động dưới tri thức bất toàn.	V1-CAND-022;V1-CAND-023;V1-CAND-025	V1_EXIT_INDIRECT_CONVERGENCE	LIGHT	WITNESS_RELAY	Custody; câu chữ/độ trễ; phản ứng kín của Thạch; chronology với lôi đài; tri thức Tĩnh Xuyên/Hạ Nương.	AUTHOR-APPROVED PLANNING / NOT CANON
