term	task_id	sub_id	source_table	row_id	source_field	context
Du Long Giác	1	2	steps	11	target_params	"…ậm trễ.""<end> <playername>: ""Rốt cuộc là việc gì?""<end> <npc=14>: ""Thúy Yên Môn ở Đại Lý đã có được hung ngọc Du Long Giác rồi! Thiên hạ sắp đại loạn!""<end>,Kim Cang: Ngươi có thể về trả nhiệm vụ,{Thư của Thiên Vương phân đà,20,1,13…"
Du Long Giác	1	2	steps	12	target_params	"…,0,1},Xin chào!,Ngươi thật đáng khen; 1022,2,1; 1022,10,0; <npc=4>: ""Nội dung thư ... ... ...""<end> <npc=4>: ""Du Long Giác? Chẳng phải miếng ngọc đã mất tích hơn 100 năm trước, có sức mạnh đảo lộn càn khôn trong truyền thuyết? Sao l…"
Du Long Giác	1	2	steps	13	target_params	"12,403,<subtaskname>,<playername>: ""Dực Phi, bang chủ nhận được thư từ phân đà Thành Đô, Du Long Giác xuất hiện ở Thúy Yên Môn. Bang chủ mong ngươi đích thân thám thính.""<end> <npc=12>: ""Việc này ta đã nghe, e v…"
Du Long Giác	1	2	subtasks	2	describe_cleaned	…gian này ta sẽ rất vất vả, xử lý xong chuyện này mới có thể nghỉ ngơi. • Đệ Tử Phân Đà Thành Đô được tin Ngọc Du Long Giác tái xuất giang hồ, nhưng Du Long Giác ở đâu y lại không rõ, chỉ vội vàng đem thư giao cho ta, nhờ chuyển đến …
Du Long Giác	6	55	steps	278	target_params	"…pc=175>: ""Ha ha! Nếu đã vậy, tiên sinh không cần lo nghĩ nữa! Không biết tiên sinh đã từng nghe nhắc đến ngọc Du Long Giác chưa?""<end> <npc=154>: ""Du Long Giác? Có phải là vật có thể xoay chuyển càn khôn, lật triều đổi đại không?""<e…"
Du Long Giác	6	55	subtasks	55	describe_cleaned	…t Phẩm Đường Chủ Lý Thăng Dương đã tiết lộ kế hoạch tuyệt vời; kế hoạch đoạt lấy thiên hạ hình như là dựa vào Du Long Giác, trong khi ta đang lắng nghe thì Thu Thạch tiên sinh ra ám hiệu, mau chóng đến [Thạch tượng cơ quan 1 tại Kiế…
Du Long Giác	6	56	steps	286	target_params	"…ờng rằng Lý Thăng Dương trên đường bị người cướp mất, chưa biết là người của ai, nhưng có nghe chúng nhắc đến Du Long Giác gì đó.""<end> <playername>: ""Bọn Nhất Phẩm Đường đó sao có thể tin ta?""<end> <npc=146>: ""Để cho chúng lục soát…"
Du Long Giác	6	56	steps	287	target_params	"…ợc người cơ chứ?...""<end> <playername>: ""Tại hạ tận mắt chứng kiến, bọn người đó đều là cao thủ, chúng hỏi về Du Long Giác, Lý đường chủ không trả lời, bọn chúng liền ra tay!""<end> <npc=180>: ""Nếu người còn xảo ngôn! Nhất Phẩm Đường…"
Du Long Giác	6	56	steps	290	target_params	…cũng không học được gì nữa! Theo như đối thoại của Chưởng môn với Lý Thăng Dương, Nhất Phẩm Đường có nhắc đến Du Long Giác, nếu vật này xuất hiện thiên hạ tất lâm nguy, đó cũng là nguyên nhân chưởng môn quyết định khóa Văn Khúc Động…
Du Long Giác	6	56	subtasks	56	describe_cleaned	…uyện trong động. Kế hoạch của Lý Thăng Dương làm tiên sinh rất thán phục. Hắn nói một bí mật có liên quan đến Du Long Giác, càng làm người ta không thể không tin người này có thể đoạt lấy thiên hạ. Thu Thạch tiên sinh khen Lý Thăng …
Du Long Giác	7	57	dialogues	67	cleaned_text	"…huyện này rất hệ trọng! Xin tiền bối dẫn đường!"" [Nhất Diệp Chân Nhân]: ""Rốt cuộc là chuyện gì?"" [Đại Hiệp]: ""Du Long Giác."" [Nhất Diệp Chân Nhân]: ""Du Long Giác? Ngươi không nhầm chứ?"" [Đại Hiệp]: ""Không! Chính là vật có thể xoay c…"
Du Long Giác	7	57	steps	298	target_params	"…>: ""Chân nhân, tại hạ đã dẫn <if me.nSex==0>Vĩnh Xương huynh<else>Vĩnh Xương đại ca<endif> đến rồi! Về chuyện Du Long Giác, xin tiền bối cứ căn dặn!""<end> <npc=189>: ""Bần đạo đã bàn bạc với chưởng giáo, người rất xem trọng việc này!…"
Du Long Giác	7	57	steps	299	target_params	"…nd> <npc=190>: ""<if me.nSex==0>Thiếu hiệp<else>Cô nương<endif> không cần khách sáo! Nghe nói ngươi báo tin về Du Long Giác? Miếng ngọc này có liên quan rất lớn đối với Võ Đang ta!""<end> <playername>: ""Chuyện này cơ mật! Xin Đạo trưở…"
Du Long Giác	7	58	dialogues	68	cleaned_text	"…rùng Dương]: ""Nếu không cẩn thận xử lý, e rằng đại nạn sẽ đến. Võ Đang ta cũng không thể đứng ngoài cuộc. Nếu Du Long Giác quả nhiên thần kỳ như thế. Ta cần tiêu diệt nó, giải trừ đại nạn cho võ lâm!"""
Du Long Giác	7	58	subtasks	58	describe_cleaned	Báo tin Du Long Giác xuất thế cho Vương Trùng Dương đạo trưởng, sau đó có thư của đạo hữu đạo giáo Đại Lý gửi đến. Thúy Yên Môn lấ…
Du Long Giác	7	59	steps	306	target_params	"…ại hạ cũng đã học hỏi được rất nhiều.""<end> <npc=788>: ""Khách tọa Chưởng giáo mới báo tin đã có tung tích của Du Long Giác. Ngươi qua đó đi, ta muốn ngắm thanh kiếm cổ này.""<end> <playername>: ""Vậy tiểu nhân cáo từ.""<end>,<npc=788>:…"
Du Long Giác	7	59	steps	307	target_params	"190,436,<subtaskname>,<npc=190>: ""<playername> đến rồi à?""<end> <playername>: ""Nghe nói đạo trưởng có tin của Du Long Giác.""<end> <npc=190>: ""Phải, chắc ngươi biết tại sao ta là Khách tọa Chưởng giáo của Võ Đang, mà không phải Chưởn…"
Du Long Giác	7	59	subtasks	59	describe_cleaned	…biển cũng phải tìm được thuốc chữa trị cho đệ tử. Lại nói Trùng Dương đạo trưởng đã điều tra được tin tức của Du Long Giác, ta phải lập tức đi tìm [Vương Trùng Dương tại Vân Lộc Thủy Cư (1539/3114)]. Hãy để ông ta ở lại một mình với…
Du Long Giác	7	61	dialogues	71	cleaned_text	"…a và Đạo gia."" [Vương Trùng Dương]: ""E rằng việc tranh luận năm nay phải dời lại. Linh Hạc chân nhân biết tin Du Long Giác xuất thế, bèn đốt hương, tẩy trần, chuyên tâm đoán quẻ, mong thấy được thiên cơ, tìm được long mạch. Vì thế, …"
Du Long Giác	7	62	steps	329	target_params	"…ame>: ""Giống như trút được một gánh nặng vậy.""<end> <npc=204>: ""Không Vô đại sư cũng biết một số thông tin về Du Long Giác. Đại sư có thể nói lại một lần nữa không?""<end> <npc=205>: ""Chuyện này nói ra thì dài lắm.""<end>,Đến Vân Lộc …"
Du Long Giác	7	63	dialogues	73	cleaned_text	"[Không Vô Đại Sư]: ""Về chuyện Du Long Giác, Thiếu Lâm đã bí mật điều tra từ trước. Ngọn nguồn của nó cũng rất ly kỳ. Năm đó Thái Tổ có được thiên hạ, để…"
Du Long Giác	7	63	steps	330	target_params	"…ng cao thủ năm đó, chính là những người bảo vệ ngọc bây giờ. Nghe nói phải sử dụng đồng thời bí mật của họ và Du Long Giác, mới có thể làm cho thời thế thay đổi, xoay chuyển càn khôn.""<end> <playername>: ""Chẳng lẽ những người bảo vệ…"
Du Long Giác	7	63	steps	332	target_params	…Chắc là có liên quan mật thiết đến người Kim. Nhưng Chu đại hiệp đã chết, hắn muốn đến đây dò la thông tin về Du Long Giác chăng? Bần đạo cũng nghĩ không ra. Nhưng ngươi phải đến chỗ Đào Vĩnh Xương ngay, tên Không Vô giả mạo đó khôn…
Du Long Giác	7	63	subtasks	63	describe_cleaned	Hóa ra Trùng Dương chân nhân và Không Vô Đại Sư đang nói về Du Long Giác, thảo nào Chưởng giáo không lo lắng gì về việc ông lão bí mật bị hại, xem ra Không Vô Đại Sư đã nắm được tin …
Du Long Giác	8	64	steps	340	target_params	"…ư, vãn bối <playername> phụng mệnh Võ Đang chưởng giáo Trùng Dương chân nhân đến Thiếu Lâm tìm hiểu về chuyện Du Long Giác xuất thế. Được hội kiến phương trượng thật là vinh hạnh.""<end> <npc=211>: ""A Di Đà Phật, <if me.nSex==0>thí c…"
Du Long Giác	8	69	steps	363	target_params	… chính xác, Thiên Mục đạo trưởng bị giam cầm tại Hoàng Lăng Kim quốc. Lão nạp cho rằng muốn rõ chân tướng của Du Long Giác, phải tìm đầu mối từ Thiên Mục đạo trưởng. Ngươi có thể cải trang đột nhập vào Thiên Nhẫn Giáo để giải cứu đạ…
Du Long Giác	11		tasks	11	describe_cleaned	…vẫn tiếp tục lén lút qua lại với Lý An Toàn, Ngũ Độc Hồ Hiến Cơ của Tây Hạ chờ ngày nổi dậy. Lúc này, tin tức Du Long Giác được cất giữ ở Đường Môn làm chấn động cả giang hồ, Đường Khuyết cho rằng thời cơ đã đến. Cũng trong lúc này,…
Du Long Giác	12		tasks	12	describe_cleaned	Tin Du Long Giác xuất thế đã mang đến đại họa cho Thúy Yên Môn. Đệ tử môn hạ tử thương thê thảm, rất may là Môn Chủ đời trước …
Du Long Giác	12	85	steps	473	target_params	"… năm, chẳng lẽ uổng công sao?""<end> <npc=739>: ""Lão phu biết cô nương không quên được trang nam tử đó, chỉ là Du Long Giác một khi xuất thế, sẽ gây nên vô số rắc rối, phải hết sức thận trọng!""<end> <npc=738>: ""Việc này Thu Thủy đã n…"
Du Long Giác	12	85	subtasks	85	describe_cleaned	…ừ những gì họ nói, ta biết để tìm ra một nam tử, Lệ Thu Thủy đã nhờ Ma Y Thần Tướng giúp mình lấy một vật tên Du Long Giác. • Thần Tướng đã đồng ý thỉnh cầu của Lệ Thu Thủy, nhờ ta dùng la bàn đến 4 hoa viên Xuân, Hạ, Thu, Đông đo đ…
Du Long Giác	12	86	dialogues	101	cleaned_text	"… Thu Thủy]: ""Đó là Bách Hoa Trận, nơi bí mật liên quan đến sự tồn vong của bổn môn, tiên sinh hỏi vậy, lẽ nào Du Long Giác nằm trong Bách Hoa Trận?"" [Ma Y Thần Tướng]: ""Đúng là Bách Hoa Trận, trận pháp kỳ lạ, khiến ngọc khí không th…"
Du Long Giác	12	86	steps	481	target_params	742,72,12,Xin chào!,Ngươi thật đáng khen; 42000; Cao Thủ Tử Y võ thuật phi phàm, hãy ngăn họ mang Du Long Giác đi
Du Long Giác	12	86	steps	482	target_params	743,72,6,Xin chào!,Ngươi thật đáng khen; 48000; Đánh bại rất nhiều cao thủ giang hồ, nhanh tay lấy được Du Long Giác
Du Long Giác	12	86	steps	483	target_params	1502,72,6,Đang mở rương...,Được Du Long Giác,Ngại quá!,{Du Long Giác,20,1,200,1,0,1},1,Bạn đã lấy được %d/1 Du Long Giác,Được Du Long Giác,Xin chào!,Ngươi…
Du Long Giác	12	86	steps	484	target_params	"…ầy máu, đã xảy ra chuyện gì?""<end> <playername>: ""Có... có chuyện rồi... ""<end> <npc=738>: ""Ngươi muốn nói là Du Long Giác xuất thế à?""<end> <playername>: ""Đúng mà không đúng! Chuyện là thế này, có người xông vào Bách Hoa Trận. Ta v…"
Du Long Giác	12	86	subtasks	86	describe_cleaned	Ta đưa bản vẽ đo được cho Ma Y Thần Tướng, ông cho biết, Du Long Giác ở một nơi nào đó trong Bách Hoa Trận. • Nơi cửa Trận Pháp có một bầy sói, Lệ Thu Thủy muốn ta hãy diệt bầy só…
Du Long Giác	12	87	steps	487	target_params	"… lụy các ngươi rồi. Việc lần này nhờ <if me.nSex==0>thiếu hiệp<else>nữ hiệp<endif> ra tay trợ giúp, không thì Du Long Giác đã mất rồi, các ngươi phải cảm ơn người ta một tiếng!""<end> <npc=749>: ""Đa tạ <if me.nSex==0>thiếu hiệp<else>…"
Du Long Giác	12	87	subtasks	87	describe_cleaned	Ta đưa Du Long Giác vất vả lấy được cho Lệ Thu Thủy, còn chuyện nhân vật giang hồ đến đoạt Du Long Giác, ngay cả Lệ Thu Thủy cũng…
Du Long Giác	12	91	steps	513	target_params	"…g thổ ngữ, nên ta không hiểu gì!""<end> <npc=738>: ""Sự việc ngày càng phức tạp! Hiện giờ số người muốn có được Du Long Giác nhiều như cỏ trên thảo nguyên""<end> <npc=749>: ""Không xong rồi! Tam muội đã bị trọng thương, Đơn lão lão cũng…"
Du Long Giác	12	92	dialogues	107	cleaned_text	"…ách khôi phục lại"" [Đường Nhất Trần]: ""Yên Nhi nói chí phải. Trước mắt phải trị thương cho môn đệ và cất giấu Du Long Giác. Lần này tuy đã đánh lui thích khách, nhưng ai dám nói chúng sẽ không quay lại? Chưa kể tin đồn sẽ lan ra ngo…"
Du Long Giác	12	92	steps	516	target_params	"… thể nhớ được kẻ tục nhân này! Lần này tại hạ phụng mệnh tân chưởng môn Thúy Yên Môn Doãn Hàm Yên đến báo tin Du Long Giác bị cướp. Thúy Yên Môn vừa bị thảm sát, Doãn chưởng môn xin chân nhân lưu tâm đến chuyện này""<end> <npc=765>: …"
Du Long Giác	12	92	subtasks	92	describe_cleaned	…ải đối mặt. • Thúy Yên Môn trải qua kiếp nạn lần này, được sự chấp thuận của Doãn Hàm Yên, quyết định đem tin Du Long Giác xuất thế và bị cướp công bố ra ngoài để tìm hung thủ thực sự và tránh sự quấy rầy không đáng có của người tro…
Du Long Giác	16	111	dialogues	128	cleaned_text	"… Bang và Cái Bang không cần tìm kiếm tung tích của Lý Nguyên Triết, để tránh không làm hại hắn. Còn về chuyện Du Long Giác ngươi phải giữ bí mật, không được tùy tiện nói với người khác."""
Du Long Giác	16	111	subtasks	111	describe_cleaned	Đồ án có liên hệ mật thiết với Du Long Giác đã tìm được, nhưng ngay cả Bất Động Tiên Sinh có học vấn nhất trong thôn và Long Ngũ thái gia có tuổi tác cao…
Du Long Giác	16	115	steps	663	target_params	"…3266 1651,3271 1648,3268 1656,3251,5; <npc=1239>: ""Nếu ta đoán không lầm, ngươi đến đây vì báu vật giấu trong Du Long Giác đúng không?<end> <Playername>: ""Ngươi là ai, sao lại ở đây, sao ngươi biết được Du Long Giác?<end> <npc=1239>…"
Du Long Giác	17	116	steps	668	target_params	"…ó phải là chuyện lớn. Hai vị bang chủ Dương, Thạch rất lo lắng. Họ đoán rằng chắc chắn việc này liên quan đến Du Long Giác, nên đã mời nghĩa quân ta cùng truy tìm tung tích của Du Long Giác.""<end> <playername>: ""Nhưng, nghĩa quân ta…"
Du Long Giác	17	121	dialogues	139	cleaned_text	"… luôn muốn làm môn chủ Đường Môn, nhưng lại bị Đường Hiểu chiếm mất ngôi vị đó. Sau đó Đường Khuyết biết được Du Long Giác ở Đường Môn, bèn âm thầm tìm kiếm, không ngờ hắn phát hiện được bí mật của Du Long Giác."" [Đại Hiệp]: ""Ngươi …"
Du Long Giác	17	121	subtasks	121	describe_cleaned	…iết rời khỏi Đường Môn, tất cả bí mật chỉ vì 1 tấm đồ án, thì ra nội gián chính là kẻ xảo quyệt Đường Khuyết. Du Long Giác ở trong Đường Môn là điều chắc chắn, còn đồ án Lý Nguyên Triết đem đi, thì trong tay Tiểu Anh, tỷ tỷ của Quác…
Du Long Giác	18	122	steps	706	target_params	"…ayername>: ""Thạch bang chủ, đây là bức họa được vẽ theo bức hình Lý Nguyên Triết lấy từ Đường Môn, bí mật của Du Long Giác có thể trong bức họa này. Người xem thử có hàm ý đặc biệt nào không?""<end> <npc=3542>: ""Bức họa này à? Hãy nó…"
Du Long Giác	18	123	dialogues	141	cleaned_text	"[Bạch Thu Lâm [Thủ Lĩnh Nghĩa Quân]]: ""Theo lời ngươi nói, muốn vào bên trong Du Long Giác phải có ba vị cao thủ hợp sức mới phá giải được, nếu không có Du Long Giác thì dù biết được bí mật này cũng b…"
Du Long Giác	18	123	subtasks	123	describe_cleaned	…i nói với ta rằng từ khi ta đến Thiếu Lâm, Dương Thiết Tâm và Thạch Hiên Viên đã triển khai kế hoạch đoạt lại Du Long Giác. Tuy nói là bí mật của bức họa liên quan mật thiết với Du Long Giác, nhưng chỉ có lấy được Du Long Giác, phá …
Du Long Giác	18	124	dialogues	142	cleaned_text	… không có ở Biệt Viện, đây chính là cơ hội tốt để ta ra tay. Tuy Đường Môn không như các môn phái khác, nhưng Du Long Giác là vật thần thánh, ai mạnh thì sẽ giành được, Đường Nhất Trần có biết được ý định của ta cũng không làm gì đư…
Du Long Giác	18	124	steps	722	target_params	"…542,0,<subtaskname>,<Playername>: ""Thạch bang chủ, Dương bang chủ mời người đến Điểm Thương Sơn bàn cách đoạt Du Long Giác!""<end> <npc=3542>: ""Dương huynh đệ sao lại vội thế nhỉ? Đường Môn là một đại bang, sao có thể mạo hiểm thế đư…"
Du Long Giác	18	125	subtasks	125	describe_cleaned	Dương Thiết Tâm nói, thật ra ông ấy đến đây không phải để tranh đoạt Du Long Giác, mà là nghe tin tình báo nói có 1 đám Hắc Y Nhân đang đến, vì phòng ngừa Du Long Giác bị lọt vào tay bọn họ n…
Du Long Giác	18	127	steps	740	target_params	…chưa từng nghĩ sẽ chiếm vật này làm của riêng. Lần này ta đến Thiếu Lâm là muốn nhờ Huyền Từ đại sư tiếp quản Du Long Giác. Vật này rất có giá trị, là bảo vật đối với người khác, nhưng với ta đó là tai họa loạn quốc diệt môn! Chuyện…
Du Long Giác	18	127	steps	741	target_params	"… nói ngài không cần phái người đến Đường Môn.""<end> <npc=3512>: ""Sao vậy?""<end> <playername>: ""Vài ngày trước Du Long Giác đã bị trộm, Đường Nhất Trần tiền bối đang tìm thủ phạm, sợ Thiếu Lâm đến uổng công, nên bảo ta đến báo trước.…"
Du Long Giác	18	127	steps	743	target_params	"…ta đã quyết định, 3 bang Thiên Vương, Đường Môn, Cái Bang sẽ hợp sức truy tìm hung thủ, nhất định phải tìm ra Du Long Giác.""<end> <npc=850>: ""Đúng vậy, <playername>, ngươi hãy về nói cho Thu Lâm biết chuyện ở đây, rồi đợi tin của ta…"
Du Long Giác	18	127	steps	744	target_params	"3570,0,<subtaskname>,<npc=3570>: ""Có lấy được Du Long Giác không?""<end> <playername>: ""Du Long Giác đã bị cướp mất rồi.""<end> <npc=3570>: ""Sao? Chuyện là thế nào?""<end>…"
Du Long Giác	18	127	subtasks	127	describe_cleaned	…ống Phù có thể nhanh chóng đến Thiếu Lâm.) • [Huyền Từ Phương Trượng tại Thiếu Lâm Phái (1733/3061)] biết tin Du Long Giác bị mất đã giật mình, muốn ta chuyển lời đến [Đường Nhất Trần tại Điểm Thương Sơn (1821/3257)] rằng Thiếu Lâm …
Du Long Giác	19	128	dialogues	146	cleaned_text	"[Bạch Thu Lâm [Thủ Lĩnh Nghĩa Quân]]: ""3 phái Thiên Vương, Cái Bang và Đường Môn hợp sức tìm tung tích Du Long Giác, nhưng chỉ có Cái Bang có tin tức, nghe nói chuyện này có liên quan đến Ngũ Độc Giáo. Thạch Hiên Viên hạ lệnh…"
Du Long Giác	19	128	steps	746	target_params	"…ername>: ""Tiêu đại ca, ta là nghĩa quân <playername>, phụng mệnh Bạch Thu Lâm đến giúp quý bang tìm tung tích Du Long Giác, xin Tiêu đại ca chỉ giáo.""<end> <npc=895>: ""Không dám, không dám. Ta và Hàn Trung vô tình phát hiện hành tun…"
Du Long Giác	19	128	subtasks	128	describe_cleaned	… Lâm biết được trước mắt Cái Bang, Thiên Vương và Đường Môn 3 phái hợp lực dốc hết sức truy tìm tung tích của Du Long Giác, nhưng chỉ có Cái Bang có tin tức. Như Thạch Hiên Viên đã nói, có 2 đệ tử Cái Bang tại Cửu Nghi Khê có phát h…
Du Long Giác	19	129	dialogues	147	cleaned_text	… bức mật lệnh từ chỗ người Kim, giữa đường bị đệ tử Ngũ Độc Giáo cướp mất. Theo ta, bọn người Kim kia đã cướp Du Long Giác, còn Ngũ Độc Giáo chắc cũng vì chuyện này mà bám theo, chờ thời cơ ra tay. Muốn tìm ra sự thật, phải mau chón…
Du Long Giác	19	129	steps	749	target_params	"…ồi.""<end> <Playername>: ""Các ngươi theo dõi bọn người Kim làm gì?""<end> <npc=891>: ""Nghe nói có liên quan đến Du Long Giác, ngoài ra ta không biết gì nữa.""<end> <Playername>: ""Không được làm ầm chuyện này lên, nếu không ta sẽ lấy mạ…"
Du Long Giác	19	130	dialogues	149	cleaned_text	"…tên Tống Đông Lai. Ngũ Độc Giáo liên tục phái các cao thủ, càng khiến ta cảm thấy chuyện này có liên quan đến Du Long Giác. Ta đã bẩm báo cho bang chủ biết dự tính của ta, chuyện quan trọng bây giờ là lấy lại mật lệnh."" [Đại Hiệp]: …"
Du Long Giác	19	130	subtasks	130	describe_cleaned	Sau khi suy đoán của Hàn Trung tương ứng với lời của Tiền Bỉnh Thành, ta đoan chắc Du Long Giác đã bị người Kim quốc đoạt mất. Việc này không biết vì sao bị Ngũ Độc Giáo phát hiện, nên truy đuổi tới cùng, …
Du Long Giác	19	132	subtasks	132	describe_cleaned	…áo có hành động gì. • Xem ra Ngũ Độc Giáo quả đúng là đi trước 1 bước đến tập kích người Kim rồi. Để đề phòng Du Long Giác rơi vào tay Ngũ Độc Giáo, ta phải nhanh chân đến [những nơi của Ngũ Độc Giáo tại Cửu Nghi Khê (1887/3700)]. •…
Du Long Giác	19	133	dialogues	152	cleaned_text	"…c Giáo]]: ""Ta chính là đặc sứ do Giáo chủ phái đến, bổn giáo đã quyết định liên minh với Thiên Vương Bang tìm Du Long Giác, ngươi là đệ tử nghĩa quân, chúng ta có thể xem là đồng minh. Bổn giáo tuy không được coi trọng, nhưng cũng l…"
Du Long Giác	19	133	steps	767	target_params	"106,1892,3585,984,75,987,<subtaskname>,<Playername>: ""Lũ Thát Đát các ngươi đã trộm Du Long Giác phải không, hãy mau khai thật!""<end> <npc=984>: ""%..................&@#@#%%......#......""<end> <Playername>: …"
Du Long Giác	19	133	steps	769	target_params	"…skname>,<npc=3570>: ""Ngươi đi biệt mấy ngày, khiến ta hơi lo lắng. May mà ngươi quay về an toàn, có tin gì về Du Long Giác không?""<end> <Playername>: ""Du Long Giác hiện đã nằm trong tay của người Kim, lần này quay về để báo tin Ngũ …"
Du Long Giác	19	133	subtasks	133	describe_cleaned	… khi liên kết với Thiên Vương Bang, thì tự động coi như đồng minh, nhanh chóng tương trợ tìm ra tung tích của Du Long Giác. • Tăng cấp 76 mới đến tương trợ đệ tử Ngũ Độc Giáo. • Đệ tử Ngũ Độc Giáo và [người Kim quốc tại Cửu Nghi Khê…
Du Long Giác	19	134	dialogues	153	cleaned_text	"…ũ Độc Giáo."" [Bạch Thu Lâm [Thủ Lĩnh Nghĩa Quân]]: ""Vào ngày ngươi và Dương bang chủ phát hiện có kẻ đoạt mất Du Long Giác khỏi Đường Môn, không biết rằng Cổ giáo chủ đã phát hiện ra trước. Ngũ Độc Giáo đuổi theo đám người đó, qua l…"
Du Long Giác	19	134	steps	770	target_params	"…t vui. Cổ giáo chủ của Ngũ Độc Giáo vẫn là bậc kỳ nữ hiện nay, tâm tư và mưu lược hơn hẳn cánh nam tử như ta. Du Long Giác mất vẫn luôn trong sự quan sát của cô ấy. Cân nhắc nhiều lý do trong đó, ta mới quyết định hợp tác.""<end> <Pl…"
Du Long Giác	19	134	steps	771	target_params	"…ủ bỏ qua.""<end> <npc=3524>: ""Ngươi không cần phải vậy, lệnh này ở chỗ ta. Về nguồn gốc của nó và toàn bộ việc Du Long Giác biến mất, ta sẽ từ từ kể. Lòng dạ của Đường Nhất Trần thâm sâu, hôm Du Long Giác bị cướp ở Thúy Yên Môn, ông …"
Du Long Giác	19	134	subtasks	134	describe_cleaned	…ồi yêu cầu ta đến Ngũ Độc Giáo bái kiến Giáo chủ [Cổ Yên Nhiên tại Ngũ Độc Giáo (1452/2977)] thương thảo việc Du Long Giác.
Du Long Giác	19	135	steps	775	target_params	"…i?""<end> <Playername>: ""Ngươi yên tâm, ta là đồng minh của Ngũ Độc Giáo. Ta đến để cứu ngươi và tìm tung tích Du Long Giác. Ngươi có biết những người ở đây là ai không, thành viên Ảnh Tử Hội đâu rồi? Sao chúng lại nhốt ngươi ở đây?""…"
Du Long Giác	19	135	steps	777	target_params	…n nấp nơi đây, xem ra vết thương của chúng cũng không nhẹ, hãy bắt một người trong bọn chúng để hỏi tung tích Du Long Giác và những Huyết Ảnh khác.)<end>,Hỏi tung tích của Du Long Giác từ Huyết Ảnh; 12000
Du Long Giác	19	135	steps	778	target_params	"102,1450,2983,1004,75,1015,<subtaskname>,<Playername>: ""Các ngươi đã đem Du Long Giác đi đâu rồi? những Huyết Ảnh khác đã trốn ở đâu? Nói mau!""<end> <npc=1015>: ""Đừng hòng ta khai ra điều gì, Huy…"
Du Long Giác	19	135	steps	779	target_params	"…ch thoát thân, không phải lo. Ta đã tìm ra tung tích của Huyết Ảnh ẩn nấp ở đây, nhưng không tìm ra tung tích Du Long Giác. Nhìn chúng thản nhiên như vậy có lẽ Du Long Giác không ở trong tay chúng.""<end>,Tìm Tiền Hải bàn đối sách,Tì…"
Du Long Giác	19	135	subtasks	135	describe_cleaned	Thì ra đoạt Du Long Giác là Ảnh Tử Hội của Kim quốc, họ được thuê bởi 1 tên Chủ Sứ ở đằng sau 1 tay lên kế hoạch. Cổ Yên Nhiên một mặt…
Du Long Giác	20	136	dialogues	155	cleaned_text	"[Tiền Hải [Đệ Tử Ngũ Độc Giáo]]: ""Theo như [Nam: thiếu hiệp / Nữ: cô nương] nói, Du Long Giác hiện giờ đang nằm trong tay của một đám Huyết Ảnh. Lúc đó có hai nhóm Huyết Ảnh từ trong Cửu Nghi Khê xông ra…"
Du Long Giác	20	136	subtasks	136	describe_cleaned	Để tìm tung tích Du Long Giác, ta đã đến Kê Quán Động tìm Tiền Hải và La Thành. Sau 1 hồi nỗ lực, ta tìm thấy nơi ẩn náu của Huyết Ảnh, chứ…
Du Long Giác	20	137	steps	787	target_params	…gươi, Đa đại ca không cần đa lễ như vậy đâu. Giờ Ngũ Độc Giáo và nghĩa quân đã là đồng minh, hợp sức truy tìm Du Long Giác, ta cũng vì việc này mà đuổi đến đây. Không biết nơi đây đã xảy ra việc gì, bọn Huyết Ảnh đã đi đâu? Sao Đa đ…
Du Long Giác	20	137	subtasks	137	describe_cleaned	Để tìm tung tích Du Long Giác, ta đã đến Mê Cung Sa Mạc, thấy thi thể của đệ tử Ngũ Độc Giáo. Những đệ tử Ngũ Độc này trước khi chết đã dùn…
Du Long Giác	20	138	dialogues	157	cleaned_text	… nghe Thanh Thập Lục nói cứ đi về phía tây khoảng nửa giờ sẽ thấy vết tích. Theo như ám hiệu của Long đại ca, Du Long Giác nhất định đang nằm trong tay bọn người Kim này, bọn chúng đều là cao thủ, nếu không chúng ta sẽ không dễ bị b…
Du Long Giác	20	138	steps	788	target_params	"…ame>: ""Có phải là Long Ngâm đại ca của Ngũ Độc Giáo? Tại hạ là <Playername> của nghĩa quân, đang theo dấu của Du Long Giác. Nghe nói Long đại ca bị bắt, nên đến để giải cứu!<end> <npc=905>: ""Trước tiên phải hạ thủ bọn đang canh giữ …"
Du Long Giác	20	138	steps	790	target_params	"905,0,<subtaskname>,<Playername>: ""Long đại ca đã cảm thấy an toàn chưa? Có biết bọn chúng đem Du Long Giác đi đâu không?""<end>,Đối thoại với Long Ngâm,Đối thoại với Long Ngâm,Xin chào!,Ngươi thật đáng khen; 000000000…"
Du Long Giác	20	138	subtasks	138	describe_cleaned	…ợc quá trình bị bắt của y và Long Ngâm. Đa Ma nói, Long Ngâm bị Huyết Ảnh của Ảnh Tử Hội bắt đi về hướng tây, Du Long Giác cũng trong tay bọn chúng. Phía tây là sa mạc vô tận, Long Ngâm và Huyết Ảnh đã đến đó, ta chỉ còn cách dốc hế…
Du Long Giác	20	139	subtasks	139	describe_cleaned	…ây, lấy được tin tức mới nhất của Huyết Ảnh. Bọn họ bố trí Long Ngâm ở đây rồi vội vàng rời khỏi, chắc là đem Du Long Giác giao cho kẻ chủ mưu. Còn kẻ chủ mưu là ai thì Long Ngâm không hề nghe Huyết Ảnh tiết lộ gì cả. May mà Long Ng…
Du Long Giác	20	140	dialogues	159	cleaned_text	… đoán không sai lệch bao nhiêu. Ta theo Tiểu Thanh tìm tung tích Huyết Ảnh, phát hiện ra Dung lão đại đã mang Du Long Giác giao cho kẻ chủ mưu! Nhưng đi về hướng tây bắc, phát hiện một quân doanh, không dám rút dây động rừng nên qua…
Du Long Giác	20	141	steps	798	target_params	"…ếu hiệp<else>cô nương<endif>! Chu Hoàn lần này đến Mê Cung Sa Mạc là để dò xem Lý Thăng Dương có phải đã mang Du Long Giác về Nhất Phẩm Đường hay không!""<end> <playername>: ""Nếu vậy chuyện Chu Hoàn nói là thật....""<end> <npc=3557>: …"
Du Long Giác	20	141	steps	799	target_params	…g đã cho ngươi biết nhiều tin quan trọng! Hiện giờ các môn phái thay vì cùng nhau hợp sức thì lại tranh giành Du Long Giác. Tất cả đều rơi vào bẫy của Lý Thăng Dương. Hiện nay hắn còn được tổ chức Huyết Ảnh hỗ trợ. Tình hình giờ tín…
Du Long Giác	20	142	dialogues	161	cleaned_text	…iên đều là hào kiệt đương thời. Chỉ vì tranh giành bảo vật mà ngày càng lún sâu vào sai lầm... Ngoại tầng của Du Long Giác đã bị phá. Với thực lực của Lý Thăng Dương, không khó để phá vỡ nội tầng. Phải tìm Du Long Giác về trước khi …
Du Long Giác	20	142	steps	800	target_params	"3542,0,<subtaskname>,<playername>: ""Thạch bang chủ, tại hạ đã điều tra rõ, Du Long Giác đã bị Lý Thăng Dương liên kết với Huyết Ảnh của Kim quốc đoạt đi, chuyện này đã được Tống chưởng môn của Côn …"
Du Long Giác	20	142	steps	801	target_params	"…70,0,<subtaskname>,<npc=3570>: ""Mới đó mà đã mấy tháng rồi! Dạo này có tin gì mới không?""<end> <playername>: ""Du Long Giác đích thực đã bị Tây Hạ Nhất Phẩm Đường và sát thủ Huyết Ảnh đoạt mất! Giờ chỉ lo nếu như các vị bang chủ Thạc…"
Du Long Giác	20	142	subtasks	142	describe_cleaned	…ưởng môn Tống Thu Thạch chỉ rõ nhất định phải nhờ Dương Thiết Tâm, Thạch Hiên Viên, Cổ Yên Nhiên 3 người đoạt Du Long Giác về trước khi Lý Thăng Dương phá giải bí mật nội tầng, nếu không hậu quả khó lường. Ta phải nhanh chóng đến Th…
Du Long Giác	20	143	dialogues	162	cleaned_text	…ẩm Đường là giáo phái bảo vệ Tây Hạ, cũng giống như Thiên Nhẫn Giáo của Kim quốc. Nếu Lý Thăng Dương lấy được Du Long Giác, thế lực của Tây Hạ sẽ càng hùng mạnh, tạo thành thế tứ giác với Nam Tống, Tây Hạ, Kim, Đại Lý. Nghĩa quân ta…
Du Long Giác	20	143	steps	804	target_params	"…> đến đúng lúc lắm! Bốn người chúng ta hãy giữ Lý Thăng Dương lại, còn ngươi vòng ra sau hắn mở bảo rương lấy Du Long Giác!""<end> <npc=3495>: ""Ngươi dám!""<end>,Mở rương sau lưng Lý Thăng Dương lấy Du Long Giác; 12000"
Du Long Giác	20	143	steps	805	target_params	1502,0,10,Đang mở rương,Được Du Long Giác,Thất bại,{Du Long Giác,20,1,200,1,0,1},1,Lấy được %d vật phẩm,Lấy Du Long Giác ra,Xin chào!,Ngươi thật đáng k…
Du Long Giác	20	143	steps	806	target_params	"3570,0,<subtaskname>,<playername>: ""Đã lấy được Du Long Giác rồi!""<end> <npc=3570>: ""Du Long Giác đây sao! Cuối cùng giông bão cũng đã qua.""<end>,Giao Du Long Giác cho Bạ…"
Du Long Giác	20	143	subtasks	143	describe_cleaned	Du Long Giác đã rơi vào tay Tây Hạ Nhất Phẩm Đường, một khi Lý Thăng Dương phá giải bí mật của Du Long Giác, ắt sẽ làm sức…
Du Long Giác	21	144	dialogues	163	cleaned_text	"… chuyện gì?"" [Bạch Thu Lâm [Thủ Lĩnh Nghĩa Quân]]: ""Ngươi hãy đi rèn luyện thêm để sau này hỗ trợ ta đoạt lại Du Long Giác."""
Du Long Giác	21	144	steps	808	target_params	"3570,0,<subtaskname>,<npc=3570>: ""Ngươi quay lại thật đúng lúc. Đã có manh mối của Du Long Giác rồi! Đường Môn vừa gửi tin tới, sự việc lần này có liên quan đến Ngô Hy của Xuyên Thục. Ta định phái ngươi tớ…"
Du Long Giác	21	144	steps	809	target_params	"3517,0,<subtaskname>,<Playername>: ""Tại hạ phụng mệnh Bạch Thu Lâm đến hỗ trợ quý phái tìm Du Long Giác, Đường công tử hãy nói ta biết tình hình hiện tại!""<end> <npc=3517>: ""Đã làm phiền đến huynh đệ nghĩa quân rồ…"
Du Long Giác	21	144	subtasks	144	describe_cleaned	Du Long Giác bị cướp tại Điểm Thương Sơn, tất cả các dấu vết để lại thì cho thấy đây là 1 kế hoạch đã vạch sẵn từ trước. T…
Du Long Giác	21	145	dialogues	164	cleaned_text	…a Ngô Hy, tiểu thiếp của Ngô Hy thường đến thăm hỏi Diệu Thanh. Cô ta nói dạo này Ngô Hy nằm mộng hay gọi tên Du Long Giác, đồng thời phủ nội thường xuyên có nhiều người lạ mặt ra vào, thời gian cô ta nói trùng với thời gian Du Long…
Du Long Giác	21	145	subtasks	145	describe_cleaned	Thì ra tin tức Du Long Giác được tiết lộ từ tiểu thiếp của Ngô Hy. Theo lời của tiểu thiếp này nói, Ngô Hy đã nhiều lần nhắc đến Du Long …
Du Long Giác	21	147	steps	825	target_params	"…end> <npc=1106>: ""Làm tốt lắm! Xem thân thủ của ngươi, chắc cũng từng lăn lộn giang hồ, ngươi đã nghe nói đến Du Long Giác bao giờ chưa?""<end> <playername>: ""Chỉ nghe qua thôi, chưa nhìn thấy bao giờ, nghe nói nó chứa đựng kho báu v…"
Du Long Giác	21	148	steps	828	target_params	…ại với Đội trưởng Tuần Viện,Xin chào!,Ngươi thật đáng khen; <playername>: (Xem ra nếu muốn biết tung tích của Du Long Giác thì không thể không đến Hậu Viện.)<end>,Lẻn vào Hậu Viện điều tra; 18000
Du Long Giác	21	148	subtasks	148	describe_cleaned	…ởng Tuần Viện tại Kiếm Các Thục Đạo (1892/3296)] biệt viện, thuận tiện hành tẩu sau này. • Để thăm dò tin tức Du Long Giác, ta phải đến [hậu viện tại Kiếm Các Thục Đạo (1919/3304)] thám thính một phen. • Hậu viện có người canh giữ s…
Du Long Giác	21	149	steps	834	target_params	"886,0,<subtaskname>,<npc=886>: ""... mong được sự trợ giúp của tướng quân, sau này nếu ngài có được Du Long Giác, làm nên đại nghiệp... Giờ Ngọ ngày mai, ta sẽ cho người đến bờ sông tại Thục Đạo, bàn địa điểm gặp mặt... Hà…"
Du Long Giác	21	149	subtasks	149	describe_cleaned	…g có ai, chú ý [phong thư tại Biệt Viện Phòng Khách (1568/3092)] trên bàn, mở ra xem. • Trong thư có nhắc đến Du Long Giác, cũng có một chuyện cơ mật, và thời gian gặp mặt của người viết thư và Ngô Hy, chính là hôm nay, đến [nơi gặp…
Du Long Giác	21	150	steps	841	target_params	"… chờ đợi.""<end> <npc=890>: ""Tướng quân nói phải lắm, đúng là ta đã quá hấp tấp. Không biết ngài đã có tin của Du Long Giác chưa?""<end> <npc=884>: ""Vật này ta đã ao ước từ lâu, nhưng chỉ được nhìn từ xa. Mới đây nghe tin bị trộm tại …"
Du Long Giác	21	150	steps	842	target_params	"3570,0,<subtaskname>,<npc=3570>: ""Ngươi đi lâu vậy, có tin của Du Long Giác chưa?""<end> <Playername>: ""Chuyện này khá phức tạp, cụ thể là thế này...""<end> <npc=3570>: ""Vậy sao? Xem ra v…"
Du Long Giác	22	151	dialogues	170	cleaned_text	"[Bạch Thu Lâm [Thủ Lĩnh Nghĩa Quân]]: ""Lý Thăng Dương để mất Du Long Giác đã tức điên lên, cho đội quân tinh nhuệ của Nhất Phẩm Đường chặn đánh bọn ta trên đường về, cũng may bình yên…"
Du Long Giác	22	151	subtasks	151	describe_cleaned	Nhất Phẩm Đường thành công trong việc đoạt Du Long Giác về, Lý Thăng Dương nổi giận phái binh ngăn chặn, đều bị Dương Thiết Tâm, Thạch Hiên Viên đánh bại. An toàn tr…
Du Long Giác	22	156	dialogues	175	cleaned_text	"…Tuy đã đặt xong hỏa dược, nhưng lực lượng Thiết Lưu Quân rất đông đảo. Ta vừa nghe nói nghĩa quân đã lấy được Du Long Giác mà giang hồ đồn đại, không biết có đúng như vậy không?"" [Đại Hiệp]: ""Đúng là có việc này!"" [Nhiếp Văn Thành […"
Du Long Giác	22	156	steps	863	target_params	…ược tin này, ta sao không biết được chứ? Lúc đoạt bảo vật ta không nghĩ nhiều đến hậu quả sau này. Ta đã giao Du Long Giác cho Dương bang chủ bảo quản, bí mật trong đó sẽ do họ mở. Ngươi hãy báo tin cho họ biết, để đề phòng bọn trộm…
Du Long Giác	22	156	steps	864	target_params	"3506,0,<subtaskname>,<Playername>: ""Dương bang chủ, ta nhận được thông tin có người âm mưu đoạt Du Long Giác, xin Dương bang chủ thận trọng. Thủ lĩnh ta còn khuyên các vị nên tìm một nơi bí mật để tìm hiểu vật này, trá…"
Du Long Giác	22	156	steps	865	target_params	…của Diêm Bang là Từ Bân Kiếm nhờ sự giúp đỡ của Hương gia đã đoạt được ngôi vị, sau đó sẽ tiến hành việc đoạt Du Long Giác. Từ Bân Kiếm giỏi về mưu lược, nhưng võ thuật lại kém. Hắn đã mời được Liễu Dực hỗ trợ, lão tặc này rất lợi h…
Du Long Giác	22	156	subtasks	156	describe_cleaned	Nghĩa quân cùng Thiên Vương, Cái Bang, Ngũ Độc đoạt Du Long Giác vốn là chuyện cơ mật, ngay cả nội bộ cũng chỉ vài người biết. Ta đây giúp anh em nghĩa quân chống lại cuộc tấ…
Du Long Giác	23	158	dialogues	177	cleaned_text	"[Điệp Phiêu Phiêu]: ""Lúc này Dương bang chủ cùng các vị đang tìm hiểu bí mật Du Long Giác, dặn dò bọn ta không được quấy nhiễu, vì vậy mong ngươi thông cảm. Hiện giờ đang có rất nhiều việc, các phái …"
Du Long Giác	23	158	steps	875	target_params	"…Thanh Phong Trại đông hơn chúng ta nhiều. Trại chủ của bọn họ còn khua môi múa mép bảo nhất định sẽ đoạt được Du Long Giác......""<end> <npc=931>Bính: ""......""<end> <playername>: (Tên Từ Bân Kiếm này đúng là một tên khoác lác, không …"
Du Long Giác	23	158	subtasks	158	describe_cleaned	…iệp Phiêu Phiêu nói cho ta biết rằng Dương Thiết Tâm đợi người, hiện giờ đang ở trong nội các tìm hiểu bí mật Du Long Giác dựa vào trục cuốn Hắc Long Đàm, phải tập trung tinh thần cao độ. Nếu ta muốn bái kiến 3 người họ, phải đợi họ…
Du Long Giác	23	159	steps	887	target_params	"…<end> <npc=1070>: ""Cô ta mệt trong người, nên đã nghỉ ngơi. Mấy ngày nay vất vả cho ngươi quá, một khi bí mật Du Long Giác chưa được hé lộ, ba người ta chưa an tâm được. Nghe nói tên tiểu tử Từ Bân Kiếm đã tập hợp người để đoạt bảo,…"
Du Long Giác	23	159	steps	888	target_params	"… kiến Thu Di, Thạch bang chủ chuyển lời căn dặn người phải cẩn thận mọi việc, cảnh giác bọn phản loạn. Còn về Du Long Giác, khi nào giải được bí mật họ sẽ thông báo.""<end> <npc=3570>: ""Tốt quá! Tạm thời ta không còn việc gì nữa, để …"
Du Long Giác	23	159	subtasks	159	describe_cleaned	…chuyện. • Trải qua bao gian khổ, cuối cùng ta cũng gặp được Dương Thiết Tâm và Thạch Hiên Viên. Họ nói bí mật Du Long Giác đã được giải, nhờ ta báo cho [Bạch Thu Lâm - Bạch Thu Lâm [Thủ Lĩnh Nghĩa Quân]], phải lưu ý các thế lực gian…
Du Long Giác	23	160	dialogues	179	cleaned_text	…ươi đánh đuổi tứ bang, Diêm Bang không có bất kỳ động tĩnh gì. Đáng lý ba vị bang chủ có thể yên tâm tìm hiểu Du Long Giác, nhưng ta càng nghĩ càng thấy không ổn. Từ Bân Kiếm nổi danh khẩu phật tâm xà, đa mưu khó đoán, nhất định khô…
Du Long Giác	23	160	subtasks	160	describe_cleaned	… do âm mưu bị bại lộ, đang chờ đợi thời cơ. Cho nên, trước mắt nhóm người Dương Thiết Tâm dốc sức giải bí mật Du Long Giác, đừng lo lắng bị quấy nhiễu. Tai mắt tình báo của Ngũ Độc Giáo khắp các phái giang hồ và nghĩa quân, Điệp Phi…
Du Long Giác	23	161	steps	899	target_params	"…ói đến ai?""<end> <npc=1071>: ""Việc này tạm thời khoan bàn đến, tình hình hiện nay không thể tiếp tục tìm hiểu Du Long Giác được, giờ phải nghĩ cách cứu Cổ giáo chủ.""<end> <npc=1070>: ""Đúng vậy! Cổ giáo chủ đã trúng tà thuật của kẻ đ…"
Du Long Giác	23	161	steps	900	target_params	"…, và người này còn luyện được tà thuật Thiên Nhẫn. Ta biết gần đây người của Dương bang chủ đang bận tìm hiểu Du Long Giác, nhưng bảo vật này sớm đã được thiên định, hà cớ phải uổng công vô ích, tạo cơ hội cho kẻ địch chú ý.""<end> <…"
Du Long Giác	23	161	subtasks	161	describe_cleaned	…ười Dương Thiết Tâm và Cổ Yên Nhiên bị tấn công. Lúc đó nhóm người Dương Thiết Tâm đang tập trung giải bí mật Du Long Giác bên trong, thì có 3 tuyệt thế cao thủ đột nhập vào cướp ngọc, trong lúc chống cự, Cổ Yên Nhiên bị trọng thươn…
Du Long Giác	24	162	steps	912	target_params	"…nh nghỉ ngơi, phiền hai vị khoan đến.""<end> <npc=1071>: ""Cũng tốt, để cô ta nghỉ ngơi một chút. Việc tìm kiếm Du Long Giác giờ có muốn nhanh cũng vô ích. <playername>, ngươi hãy đi tìm Điệp kỳ chủ, xem Điệp kỳ chủ có thể tìm ít thuố…"
Du Long Giác	24	163	steps	918	target_params	"…u tình hình hôm đó.""<end> <npc=1070>: ""Chuyện là thế này, hôm đó 3 người bọn ta đang vận công tìm hiểu bí mật Du Long Giác, bất ngờ Hoàn Nhan Tương ập vào. Ta và Thạch bang chủ bị người của hắn vây lấy, Cổ giáo chủ đấu với hắn. Vì 2…"
Du Long Giác	24	163	steps	919	target_params	"3570,0,<subtaskname>,<npc=3570>: ""Sao về nhanh thế?""<end> <playername>: ""Đã giải được bí mật của Du Long Giác.""<end>,Về Tân Thủ Thôn tìm Bạch Thu Lâm,Về Tân Thủ Thôn tìm Bạch Thu Lâm,Xin chào!,Ngươi thật đáng khen; 0000…"
Du Long Giác	24	163	subtasks	163	describe_cleaned	…ua cho [Dương Thiết Tâm tại Tụ Nghĩa Lâu (1625/3183)], bảo ta đến đó hỏi. • Không ngờ lại có hậu quả như vậy, Du Long Giác lại bị cướp mất. Người tốt trời phù hộ, Cổ Yên Nhiên đã phá bí mật Du Long Giác. Dương Thiết Tâm sai ta về ng…
Du Long Giác	24	164	dialogues	183	cleaned_text	"…Giáo chủ Thiên Nhẫn Hoàn Nhan Tương và thuộc hạ của hắn tập kích họ. Cổ giáo chủ sau khi bị thương đã phá hủy Du Long Giác nhưng cùng lúc đó cũng tìm được bí mật của nó. Đó là câu ""Đạo hoa điền lí cúc hoa hương"", tại hạ không biết c…"
Du Long Giác	24	164	subtasks	164	describe_cleaned	… tại Hoàng Hạc Lâu, Hoàn Nhan Tương lại tuyệt tình với Cổ Yên Nhiên như vậy. Bạch Thu Lâm suy nghĩ lời nói về Du Long Giác của Cổ Yên Nhiên, nói rằng có thể bảo tàng ở trong Tiến Cúc Động ngoài Đạo Hương Thôn, nhưng nơi đó đã bị Diê…
Du Long Giác	24	170	subtasks	170	describe_cleaned	Ta đi cùng Dương Thiết Tâm, nhóm người Cổ Yên Nhiên đã vào bảo khố Du Long Giác, bất giác bị của cải châu báu nơi đây làm lóa mắt. Khi Dương Thiết Tâm và Thạch Hiên Viên bàn cách xử lý đống…
Du Long Giác	24	171	dialogues	190	cleaned_text	"…n còn Sát thủ giản chưa dùng đến....."" [Hoàn Nhan Tương]: ""(Thiên lý truyền âm) Ngươi cho rằng ngươi phá hỏng Du Long Giác ta sẽ không có cách gì đối phó với ngươi sao? Thiên Vương Bang các ngươi, không qua khỏi ta đâu...."" [Dương T…"
Du Long Giác	33	181	dialogues	214	cleaned_text	"…áo]: ""Là tình báo thống lĩnh Bùi Dực Phi, giang hồ gọi là ‘Thiết Thủ Thần Long’, võ công cao cường. Đáng tiếc Du Long Giác tái xuất giang hồ không thể không đi. Trước khi đi đại ca bảo ta đợi, qua trận chiến cá sấu lần trước, tất có…"
Du Long Giác	33	181	subtasks	181	describe_cleaned	…ng sót vẫn tiếp tục sinh sôi, gần đây còn thường ra hại người. Bùi Dực Phi định dẫn người đến tiễu trừ, nhưng Du Long Giác tái xuất giang hồ, phải rời đảo điều tra nên đành giao nhiệm vụ trừ cá sấu cho các huynh đệ. Những con cá sấu…
Du Long Giác	37	185	dialogues	227	cleaned_text	"…tổng quản sự à?"" [Hùng Đỉnh]: ""Phải. Ông ấy rất thương con. tân bang chủ Dương Thiết Tâm nhậm chức không lâu, Du Long Giác lại khuấy động giang hồ, dù thế nào cũng không để quản sự phải lo lắng. Ngươi có thể vào Lư Vĩ Đãng cứu Tiểu …"
Du Long Giác	146	295	dialogues	433	cleaned_text	"[Bạch Thu Lâm [Thủ Lĩnh Nghĩa Quân]]: ""Từ Bân Kiếm nhiều lần bức bách, muốn đoạt Du Long Giác ta đã không nói, lại còn lệnh cho bang chúng đến Đạo Hương Thôn gây hấn, thật đáng căm giận!"" [Đại Hiệp]: ""Th…"
Du Long Giác	146	295	subtasks	295	describe_cleaned	Diêm Bang đang rất thèm khát Du Long Giác, chúng đã nhiều lần ra tay nhưng chưa thành công. Đám đệ tử Diêm Bang trong Tiến Cúc Động đã nhiều lần xâm ph…
Du Long Giác	150	299	subtasks	299	describe_cleaned	… Kiếm đã tụ tập một đám lưu manh hiếu chiến trong Bang Nguyên Bí Động, chúng đã nhiều lần tham gia tranh đoạt Du Long Giác. Bạch Thu Lâm phái ta đến Bang Nguyên Bí Động hội họp với trinh sát nghĩa quân Lôi Lão Cửu, nhân tiện cho bọn…
Du Long Giác	231	406	dialogues	568	cleaned_text	"[Bạch Thu Lâm [Thủ Lĩnh Nghĩa Quân]]: ""Chuyện Du Long Giác đã xong! Giờ vừa lập vua mới, dân tình chưa yên, các nước láng giềng đang chờ cơ hội. Nghĩa quân ta định kết …"
Du Long Giác	231	406	subtasks	406	describe_cleaned	Chuyện Du Long Giác đã đến hồi kết. Tân Hoàng đế mới lên ngôi, đất nước còn rối ren. Các nước lân bang đang dòm ngó, nghĩa quân m…
Du Long Giác	332	507	dialogues	679	cleaned_text	"… chuyện Ngô lão thái hậu cho nghĩa quân cẩm nang, lúc đó ta chưa nhắc đến một bí mật khác, bí mật thứ hai của Du Long Giác, kho báu bị phát hiện được đề cập trong Du Long Giác chỉ là một phần thôi."" [Đại Hiệp]: ""Đây quả thực là một …"
Du Long Giác	332	507	steps	2209	target_params	2334,134,24,Xin chào!,Ngươi thật đáng khen; Đi tìm Thái Hoa hỏi chuyện liên quan đến Du Long Giác; 48000
Du Long Giác	332	507	steps	2210	target_params	…ủ lĩnh nghĩa quân, huyện quan của 3 địa phương dâng thư lên Hoàng thượng, bên trong có manh mối liên quan đến Du Long Giác. Vật này bảo quản ở chỗ ta không còn an toàn nữa, giờ giao cho nghĩa quân các người, sứ mạng của ta coi như đ…
Du Long Giác	332	507	steps	2211	target_params	…hẳn khi đó Hoàng thượng không xem trọng chúng, nhưng những chuyện đề cập trong đó lại liên quan mật thiết đến Du Long Giác. Sau khi nhận được những bản tấu sớ này, tại hạ ngày đêm không nghỉ tức tốc mang chúng về đây, cho đến khi gặ…
Du Long Giác	332	507	subtasks	507	describe_cleaned	…ẩm nang Thái hoàng Thái hậu Tống triều Ngô thị giao cho nghĩa quân lúc hấp hối có đề cập đến bí mật thứ 2 của Du Long Giác, kho báu trong Du Long Giác mới chỉ bị phát hiện 1 phần. Còn những kho báu khác phân bố ở những nơi chưa biết…
Du Long Giác	450	643	steps	2842	target_params	"…uất hiện. Một lần cung khánh, thái tổ say rượu, trong lúc ngủ nắm chặt long hình ngọc giác trong tay hét lớn, Du Long Giác, có vật này có thiên hạ… ""<end> <playername>: ""Sao? Bí mật về Du Long Ngọc? Không phải đã tìm được kho báu sa…"
Du Long Giác	450	643	steps	2843	target_params	"5160,572,5,Đang tiến hành...,{Gấm vóc cũ,20,1,854,1,0,1} {Du Long Giác-Hùng,20,1,859,1,0,1},1,Bạn đã thu thập 1 Gấm vóc cũ,Bạn đã thu thập 1 Gấm vóc cũ.; <playername>: ""Mở chiếc rư…"
Du Long Giác	450	643	subtasks	643	describe_cleaned	…đó là 1 [Rương cũ tại Thân Thế Mộng Cảnh (1665/3233)]. • Ta bỗng phát hiện một rương cũ ở hậu viện, bí mật về Du Long Giác được viết qua loa trên một mảnh gấm, ta phải hỏi [phụ thân tại Thân Thế Mộng Cảnh (1631/3210)] tất cả những v…
Du Long Giác	451	644	steps	2845	target_params	"…ôm nay gặp lại, con vừa mừng vừa sợ pha lẫn chút u sầu, việc chia ly với mẹ và bí mật đã chôn vùi lâu năm của Du Long Giác, rốt cuộc ai đã dẫn ta đến đây?""<end> <npc=5141>: ""Mưu sự tại nhân, thành sự tại thiên, mẹ con luôn hy vọng c…"
Du Long Giác	452	645	steps	2856	target_params	"…ng mơ ta đã biết thân thế của mình, thì ra cha mẹ ta luôn bảo vệ bí mật của Đại Tống bao năm nay, đó chính là Du Long Giác.""<end> <npc=5154>: ""Cha mẹ ngươi... Du Long Giác? Bảo vật trấn phái của Thiếu Lâm đã cứu mạng ngươi quả là kh…"
Du Long Giác	456	648	subtasks	648	describe_cleaned	Từ khi bí mật Du Long Giác bị phát hiện, quân bị quân hưởng phần lớn đến từ Du Long Bảo Khố, mặc dù Du Long Bảo Khố rất nhiều cơ quan, c…
Du Long Giác	462	655	subtasks	655	describe_cleaned	Sóng gió Du Long Giác lắng lại đến nay cũng đã một khoảng thời gian, phần lớn báu vật trong Du Long Bảo Khố dùng để tăng thêm quân …
Thái Tổ Bảo Khố	24	169	subtasks	169	describe_cleaned	… Cổ Yên Nhiên không quan tâm. • Đem thuốc giải phát cho đệ tử Thiên Vương Bang và Cái Bang, [Cổ Yên Nhiên tại Thái Tổ Bảo Khố (1628/3099)] bảo ta đến bảo khố phối hợp với họ.
Thái Tổ Bảo Khố	24	170	steps	939	target_params	89,Hãy nâng đến cấp 89,Hãy nâng đến cấp 89; Ra bên ngoài Thái Tổ bảo khố tập kích Thiết Y Vệ của Hoàn Nhan Tương
Thái Tổ Bảo Khố	24	170	subtasks	170	describe_cleaned	… công bất ngờ không kịp trở tay. Sau khi tập kích ta trở về bảo khố phối hợp với nhóm người [Cổ Yên Nhiên tại Thái Tổ Bảo Khố (1628/3099)].
Thái Tổ Bảo Khố	24	171	steps	942	target_params	…8 1607,3196 1631,3069 1618,3143 1646,3120 1632,3118 1658,3096 1673,3091 1686,3135,20; Mở cơ quan tổng khu của Thái Tổ bảo khố; 80000
Thái Tổ Bảo Khố	24	171	subtasks	171	describe_cleaned	…ượng sách, nên sẽ lấy được các thứ trong bảo khố trước, sẽ khiến cho Hoàn Nhan Tương dở cười dở khóc. • Trong Thái Tổ Bảo Khố toàn là [rương châu báu tại Thái Tổ Bảo Khố (1629/3062)] và [đống thỏi vàng tại Thái Tổ Bảo Khố (1614/3092)],…
Thái Tổ Bảo Khố	24	172	dialogues	191	cleaned_text	…đế Kim quốc xâm lược Tống, nhưng vì quốc khố không đủ nên việc không thành. Lần này Hoàn Nhan Tương muốn đoạt Thái Tổ bảo khố, dụng ý là đây. Ta nghe nói, Hoàng đế Kim quốc đã nhận lời cho Hoàn Nhan Tương dẫn binh xuống Nam bắt đầu luy…
Thái Tổ Bảo Khố	24	172	steps	945	target_params	"…<Playername>: ""Dương bang chủ, bây giờ thời thế hỗn loạn, Kim quốc đang dòm ngó Đại Tống ta; Thu Di muốn tặng Thái Tổ bảo khố cho triều đình, nên phái tại hạ đến xin ý kiến bang chủ.""<end> <npc=3506>: ""Thu Lâm đã lo xa rồi, ta làm sao …"
Thái Tổ Bảo Khố	24	172	steps	946	target_params	…ốc Quốc sư Hoàn Nhan Tương đã bắt đầu chuẩn bị luyện binh tấn công nước Tống, đại nhân hãy chuẩn bị. Hiện nay Thái Tổ bảo khố đã xuất hiện, thủ lĩnh kêu tại hạ đến báo với đại nhân, nếu đại nhân đồng ý kháng Kim, thì người sẽ tặng bảo …
Thái Tổ Bảo Khố	24	172	subtasks	172	describe_cleaned	…u khi trở thành quốc sư Kim Quốc vẫn giữ dã tâm xúi giục hoàng đế Kim Quốc xâm phạm Nam Tống, lần này đối với Thái Tổ Bảo Khố cũng từ suy nghĩ đó mà ra. Triều đình Đại Tống từ sau khi dời về nam thực lực chưa thể hồi phục, Hiếu Tông Ho…
Thái Tổ Bảo Khố	225	400	dialogues	562	cleaned_text	"[Bạch Thu Lâm [Thủ Lĩnh Nghĩa Quân]]: ""Hôm đó ở Thái Tổ Bảo Khố, Hoàn Nhan Tương đắc ý bộc lộ dã tâm. Ta sợ hắn nói dối nên đích thân phái người đến Kim quốc điều tra, không…"
Thái Tổ Bảo Khố	225	400	subtasks	400	describe_cleaned	Trận chiến Thái Tổ Bảo Khố, Hoàng Nhan Tương nói ra ý đồ xâm lược của Kim quốc, khiến cho nghĩa sĩ Giang Nam đề phòng. Bạch Thu Lâm một …
Hán Thủy	13	96	dialogues	113	cleaned_text	"…ết."" [Tất Thư Dương [Tuần Du Sứ]]: ""Gia Vương ở Tương Dương vài ngày, nay đã giả trang xuất thành, đi về phía Hán Thủy Cổ Độ."" [Ân Bốc Nguyên [Bang Chủ Tào Bang]]: ""Đã xuất thành? Có phái người bảo vệ không?"" [Tất Thư Dương [Tuầ…"
Hán Thủy	13	96	steps	541	target_params	"…!,88,1577,3427,20,Thuyền đã chuẩn bị xong, lên đường thôi!,Lập tức lên đường!,Đợi thêm lát nữa!,Đi thuyền đến Hán Thủy Cổ Độ,Đi thuyền đến Hán Thủy Cổ Độ,1; <npc=802>: ""Đến nơi rồi! Ơ, đây chẳng phải là ám hiệu Cố đại tỷ để lại …"
Hán Thủy	13	96	subtasks	96	describe_cleaned	…nh. Tào Bang đã phái Cố Trọng Nhan âm thầm bám theo Gia Vương và để lại ký hiệu trên đường đi. Chỉ cần ta đến Hán Thủy Cổ Độ tìm ám ký mà Cố Trọng Nhan để lại là sẽ nhanh chóng đuổi kịp Gia Vương. Hán Thủy Cổ Độ là phạm vi thế l…
Hán Thủy	13	99	dialogues	116	cleaned_text	"…ynh đưa Gia Vương đi đâu?"" [Lãnh Vân]: ""Nơi nguy hiểm nhất chính là nơi an toàn nhất, khi Gia Vương trốn khỏi Hán Thủy Cổ Độ, ta liền đưa người trở lại nơi ấy, Lý hậu chắc sẽ không ngờ rằng người có gan như vậy."" [Đại Hiệp]: ""Kế…"
Hán Thủy	13	99	steps	557	target_params	…a sẽ đích thân đưa ngươi đến đó, ngươi chuẩn bị xong, chúng ta sẽ lên đường!,Khởi hành thôi!,Đợi một lát!,Đến Hán Thủy Cổ Độ,Đến Hán Thủy Cổ Độ,1; Vào nhà tranh gặp Gia Vương; 4000
Hán Thủy	13	99	subtasks	99	describe_cleaned	… chỉ cần đóng cơ quan, bọn chúng sẽ chết không nơi chôn thân. Theo ý kiến của Lãnh Vân, Gia Vương đã đến ẩn ở Hán Thủy Cổ Độ, hắn sẽ đưa ta đến đó gặp Gia Vương. • Gia Vương đã đi theo mật đạo đến Hán Thủy Cổ Độ, [Lãnh Vân tại T…
Hán Thủy	14	101	subtasks	101	describe_cleaned	…Phân Đà có rất nhiều Cấm quân đang đánh nhau với đệ tử Cái Bang. Xem ra, ta phải tiêu diệt 1 số [Cấm quân tại Hán Thủy Cổ Độ (1643/3735)] trước mới có thể vào trong được. • Cấm quân ngày càng đông, lúc này [trong Phân Đà tại Hán…
Hán Thủy	14	102	steps	576	target_params	"… nhân nhờ, ta sẽ nói. Lúc này Tô Phong đang ở Tri Xuân Đài, Từ Trường Phúc lúc này chắc đã đến binh doanh của Hán Thủy Cổ Độ.""<end>,Tìm Bạch Lộ,Tìm Bạch Lộ; Lấy binh phù ở chỗ Tô Phóng và Từ Trường Phúc; 4000"
Hán Thủy	14	102	subtasks	102	describe_cleaned	… • Bạch Lộ cho ta biết lúc này [Tô Phóng tại Lâm An Phủ (1642/3864)] đang ở Tri Xuân Đài, [Từ Trường Phúc tại Hán Thủy Cổ Độ (1740/3348)] vừa trở về Binh Doanh ở Hán Thủy Cổ Độ, muốn ta nhân cơ hội ra tay. • Mang Binh Phù lấy đư…
Hán Thủy	14	104	subtasks	104	describe_cleaned	… chết chưa rõ, [Hàn Thác Trụ tại Lâm An Phủ (1413/3960)] đã chuẩn bị xe ngựa đưa ta đến Bắc Doanh của Hổ Sư ở Hán Thủy Cổ Độ để điều tra. • Ta đã đến Bắc Doanh, ở đây có 1 số [Kết Doanh Binh tại Hán Thủy Cổ Độ (1841/3245)], có l…
Hán Thủy	14	105	subtasks	105	describe_cleaned	…i ứng cứu. • Theo suy đoán của Hồng Nương Tử và Tâm Như Đại Sư, Gia Vương có lẽ vẫn đang ở trong [Mật Đạo tại Hán Thủy Cổ Độ (1666/3797)], lập tức đến cứu viện. • Ở bên ngoài Mật Đạo ta nghe được tiếng đánh nhau phát ra từ bên t…
Hán Thủy	15	106	subtasks	106	describe_cleaned	…sẽ tạm lánh ở phủ của Hàn Thác Trụ. • Hàn Thác Trụ đã chuẩn bị chu đáo tất cả, chỉ đợi ta đến miếu Sơn Thần ở Hán Thủy Cổ Độ đón [Gia Vương tại Hán Thủy Cổ Độ (1883/3827)] hồi kinh. • Gia Vương cho ta biết ngài đã âm thầm hồi ki…
Hán Thủy	103	252	dialogues	386	cleaned_text	"…bị tổn thất nghiêm trọng. Ta vốn định áp giải người này về bang xử lý, ai ngờ để hắn trốn mất, nghe nói đã đi Hán Thủy Cổ Độ. [Nam: Thiếu hiệp / Nữ: Cô nương] nếu có gặp, xin hãy giúp bang chúng ta trừ hại."""
Hán Thủy	103	252	subtasks	252	describe_cleaned	…t. Tất Thư Dương dặn dò bạn nếu tìm thấy Mạc Chư Niên, nhất định phải giải y về. • Nghe nói [Mạc Chư Niên tại Hán Thủy Cổ Độ (1645/3435)] đã trốn về hướng Hán Thủy Cổ Độ, có lẽ nếu ra đấy sẽ tìm thấy tung tích của y. • Mạc Chư N…
Hán Thủy	109	258	dialogues	395	cleaned_text	…a Lý hậu đã khiến bà ta căm ghét. Bọn tay chân để xổng Gia Vương nên đổ lỗi cho nghĩa sĩ giang hồ, rằng lúc ở Hán Thủy Cổ Độ nếu không phải Cố Trọng Nhan của Tào Bang cứu giúp thì Gia Vương đã bị bắt. Lý hậu giận dữ quyết tâm tr…
Hán Thủy	109	258	subtasks	258	describe_cleaned	… Tào Bang nhiều lần giúp đỡ Gia Vương thoát khỏi móng vuốt của Lý Hậu, khiến y vô cùng căm hận, nhất là khi ở Hán Thủy đã gần bắt được Gia Vương lại bị Cố Trọng Nhan phá đám để cho Gia Vương trốn thoát lần nữa. Lý Hậu quyết định…
Hán Thủy	157	313	steps	1411	target_params	"…uan trọng... Dù gì cũng không ai biết, mình lén đọc xem sao.""<end> Đức Khoái huynh: Tháng trước gặp bọn Kim ở Hán Thủy Cổ Độ đấu 3 ngày 3 đêm, xác chết đầy đồng. Vợ chồng chủ nhân không rõ tăm tích. Tháng trước Thu Lâm tỷ đã hộ …"
Hán Thủy	157	313	steps	1412	target_params	…i vẫn luôn theo sát. Không ngờ, khi tìm ra đầu mối quan trọng, cha ngươi đã bị cao thủ Kim quốc thích sát tại Hán Thủy Cổ Độ... Lúc đó mẹ ngươi vừa ở cữ xong, có thể chạy trốn được. Nhưng sau khi giao ngươi cho ta, bà đã theo ch…
Hán Thủy	157	322	dialogues	468	cleaned_text	"…[Nghĩa Quân Tiền Bối]]: ""Nhắc tới việc này ta mới nhớ ra! Có một nhóm người Kim quốc luôn theo dõi ta từ trận Hán Thủy năm đó, chúng không sử dụng Hỏa Kình của Thiên Nhẫn Giáo mà là Âm Kình cực hàn. Kẻ nào trúng phải thì hàn độc…"
Hán Thủy	157	322	steps	1437	target_params	"… một quyển sách trong đó có một bài thơ dự báo cuối cùng mà phụ thân thiếu chủ để lại trước khi bước vào trận Hán Thủy năm xưa, lão chủ nhân nói trong đó có viết vận mệnh cả đời của thiếu chủ.""<end> <Playername>: ""Túi đó hiện gi…"
Hán Thủy	164	327	subtasks	327	describe_cleaned	…n này, ta vô cùng tức giận! • Ta quyết định giúp vợ chồng Tường tẩu, nhưng trước tiên phải xem [Toàn thúc tại Hán Thủy Cổ Độ (1590/3415)] có an toàn không đã. • Tìm được Toàn thúc, ông ta nhờ ta giáo huấn [Lục Tâm Nõ tại Hán Thủ…
Hán Thủy	382	573	subtasks	573	describe_cleaned	…huẩn bị. • Lễ Quan bảo ta đi tìm một ít nguyên liệu về để tạc tượng Nhạc Phi, gồm các loại như [Thạch cao tại Hán Thủy Cổ Độ (1595/3753)] [Đất sét tại Hán Thủy Cổ Độ (1895/3533)] đặc biệt, xem ra triều đình chuẩn bị rất chu đáo …
Hán Thủy	382	574	subtasks	574	describe_cleaned	…i thứ dường như không có gì bất thường. • Khi ta chuẩn bị rời khỏi, thì phát hiện ra tên [Trương Đức Tùng tại Hán Thủy Cổ Độ (1667/3818)], trên người hắn chắc chắn có tình báo quân sự quan trọng. • Quả nhiên ta phát hiện trên ng…
Lệ Thu Thủy	12	85	dialogues	100	cleaned_text	"[Đan Bích Tú]: ""Chưởng môn tiền nhiệm Lệ Thu Thủy quay về Thúy Yên Môn, chắc có việc cực kỳ quan trọng, ngươi thử đến Bách Hoa Trận xem sao."""
Lệ Thu Thủy	12	85	steps	473	target_params	"…ão phu sẽ tự biết nơi cất giấu bảo vật.""<end>,{La bàn Xuân Hoa Viên,20,1,199,1,0,1},Đến Xuân Mai Nhã Trúc gặp Lệ Thu Thủy,Đến Xuân Mai Nhã Trúc gặp Lệ Thu Thủy,Xin chào!,Ngươi thật đáng khen; 6000; Đầu tiên phải đo đạc Xuân Hoa Viê…"
Lệ Thu Thủy	12	85	steps	477	target_params	{20,1,211,1,0,-1,},305,72,2157,3919,10; 8000; Trở về Xuân Mai Nhã Trúc gặp Lệ Thu Thủy
Lệ Thu Thủy	12	85	steps	478	target_params	"…end> <playername>: ""Việc xong cả rồi, đây là bản vẽ chi tiết. Hãy xem qua.""<end>,Trở về Xuân Mai Nhã Trúc gặp Lệ Thu Thủy,Trở về Xuân Mai Nhã Trúc gặp Lệ Thu Thủy,Xin chào!,Ngươi thật đáng khen; 0000000000000056"
Lệ Thu Thủy	12	85	subtasks	85	describe_cleaned	Lệ Thu Thủy có thâm tình với một nam tử nhưng vì nhiều lý do nên không dám bày tỏ, về sau do một cơn mưa lớn mà hai người…
Lệ Thu Thủy	12	86	dialogues	101	cleaned_text	"… vị trí phải nằm ở trung tâm bốn hoa viên này, xin hỏi cô nương, trung tâm của bốn hoa viên là nơi nào vậy?"" [Lệ Thu Thủy]: ""Đó là Bách Hoa Trận, nơi bí mật liên quan đến sự tồn vong của bổn môn, tiên sinh hỏi vậy, lẽ nào Du Long G…"
Lệ Thu Thủy	12	86	steps	484	target_params	"…ng pháo hoa đến Yên Hỏa Đài, đệ tử bổn môn sẽ nhìn thấy.""<end>,{Pháo hoa,20,1,145,1,0,1},Đưa Du Long Giác cho Lệ Thu Thủy,Đưa Du Long Giác cho Lệ Thu Thủy,Xin chào!,Ngươi thật đáng khen; 0000000000000057; {200,},-1"
Lệ Thu Thủy	12	86	subtasks	86	describe_cleaned	…n Tướng, ông cho biết, Du Long Giác ở một nơi nào đó trong Bách Hoa Trận. • Nơi cửa Trận Pháp có một bầy sói, Lệ Thu Thủy muốn ta hãy diệt bầy sói ở [cửa Bách Hoa Trận tại Trong Bách Hoa Trận (2041/3594)] gần Xuân Hoa Viên trước. •…
Lệ Thu Thủy	12	87	dialogues	102	cleaned_text	"[Lệ Thu Thủy]: ""Yên Hỏa Đài gần nhất là ở trước cửa, ngươi hãy mau sử dụng pháo hoa."""
Lệ Thu Thủy	12	87	steps	492	target_params	"…ấy Chu Tước Tổng Khu có vấn đề không ổn, thì ra đã xảy ra chuyện.""<end>,Nhanh chóng vào Xuân Mai Nhã Trúc tìm Lệ Thu Thủy tìm hiểu sự tình,Nhanh chóng vào Xuân Mai Nhã Trúc tìm Lệ Thu Thủy tìm hiểu sự tình,Xin chào!,Ngươi thật đáng…"
Lệ Thu Thủy	12	87	subtasks	87	describe_cleaned	Ta đưa Du Long Giác vất vả lấy được cho Lệ Thu Thủy, còn chuyện nhân vật giang hồ đến đoạt Du Long Giác, ngay cả Lệ Thu Thủy cũng không ngờ họ lại đến nhanh như …
Lệ Thu Thủy	12	88	dialogues	103	cleaned_text	"[Lệ Thu Thủy]: ""Lúc này không tiện nói rõ, ngươi hãy mau đuổi theo hỗ trợ!"""
Lệ Thu Thủy	12	88	subtasks	88	describe_cleaned	… lúc kiểm tra trận pháp tổng khu thì nghe thấy tiếng báo động từ phía Xuân Mai Nhã Trúc, ta liền chạy đến chỗ Lệ Thu Thủy thì biết tin có một nhóm người lai lịch bất minh đã phá hủy Trận pháp Tổng khu Chu Tước, đột nhập vào tầng kế…
Lệ Thu Thủy	12	89	dialogues	104	cleaned_text	"… Hoài. [Nam: Thiếu hiệp / Nữ: Nữ hiệp] phải tìm bằng được hai vị đó, nhờ họ đến hỗ trợ. Xong việc hãy đến gặp Lệ Thu Thủy phát tín hiệu, để chuẩn bị mở Huyền Nguyệt Đại Trận bất cứ lúc nào."" [Đại Hiệp]: ""Huyền Nguyệt Đại Trận?"" [Ch…"
Lệ Thu Thủy	12	89	steps	500	target_params	"…hế nào.""<end>,Tìm được Hạ Thịnh,Tìm được Hạ Thịnh,Xin chào!,Ngươi thật đáng khen; 12000; Nói rõ tình hình cho Lệ Thu Thủy ở Xuân Mai Nhã Trúc biết"
Lệ Thu Thủy	12	89	steps	501	target_params	"… thể vào trong Huyền Nguyệt Đại Trận.""<end>,{Chìa khóa cơ quan phía Đông,20,1,217,1,0,1},Nói rõ tình hình cho Lệ Thu Thủy ở Xuân Mai Nhã Trúc biết,Nói rõ tình hình cho Lệ Thu Thủy ở Xuân Mai Nhã Trúc biết,Xin chào!,Ngươi thật đáng …"
Lệ Thu Thủy	12	89	subtasks	89	describe_cleaned	…o lời của Chung Linh Tú, giờ phải mau chóng quay về [Xuân Mai Nhã Trúc tại Xuân Mai Nhã Trúc (1541/3111)] nhờ Lệ Thu Thủy mở Huyền Nguyệt Đại Trận. • Sau khi tìm được Lệ Thu Thủy, ta truyền lại mệnh lệnh của Chung Linh Tú bảo nàng …
Lệ Thu Thủy	12	91	dialogues	106	cleaned_text	"… là ra thôi!"" [Đường Nhất Trần]: ""Nha đầu thật vô lễ! Các trưởng bối đang nói chuyện, ai cho ngươi xen vào?"" [Lệ Thu Thủy]: ""Nha đầu này chắc là thiên kim của sư muội, thật xinh đẹp, lại thông minh! Việc này giờ phải phiền đến [Nam…"
Lệ Thu Thủy	12	91	steps	513	target_params	… Y Nhân, hãy dẫn đến Xuân Mai Nhã Trúc cho chưởng môn xử lý!,Xin chào!,Ngươi thật đáng khen; {203,},-1; 6000; Lệ Thu Thủy nhờ ta đưa tam muội đến Đại Lý chữa trị
Lệ Thu Thủy	12	91	subtasks	91	describe_cleaned	…ống thuốc độc tự tử cả rồi, lúc này một đệ tử Thúy Yên Môn tên Tam Muội bị thương rất nặng cần chữa trị ngay, Lệ Thu Thủy nhờ ta đưa [Tam Muội tại Trong Bách Hoa Trận (2120/3339)] đến Đại Lý Thành tìm đại phu. • Ta đưa Tam Muội đến…
Lệ Thu Thủy	12	92	dialogues	107	cleaned_text	"…cảnh của Thúy Yên Môn, sẽ bán tín bán nghi. Chúng ta sẽ nhân cơ hội này điều tra xem ai đã đột kích bổn môn"" [Lệ Thu Thủy]: ""Đúng là diệu kế! Nhưng lừa đồng đạo, e rằng..."" [Chung Linh Tú]: ""Sư tỷ, chuyện đến nước này rồi, phải tòn…"
Lệ Thu Thủy	92	241	subtasks	241	describe_cleaned	10 năm trước, Thất Đại Môn Chủ Lệ Thu Thủy quy ẩn, Bát Đại Môn Chủ Chung Linh Tú kế vị chưa được 1 tháng, hôm đó đúng vào đêm trung thu. Trong môn đang …
Lệ Thu Thủy	94	243	subtasks	243	describe_cleaned	…o Giảo còn bé, đã bị ai đó đặt trên một chiếc thuyền nhỏ bên bờ sông Tương, nếu không nhờ Thất Đại Chưởng Môn Lệ Thu Thủy đi qua cứu, không biết có còn sống nỗi đến ngày nay. Lớn lên, Vinh Giảo Giảo luôn nghĩ đến chuyện tìm hiểu xe…
Lịch Thu Thủy	92	241	dialogues	364	cleaned_text	"…n lòng."" [Đại Hiệp]: ""Phải xem có giúp gì được không chứ?"" [Đan Bích Tú]: ""10 năm trước, môn chủ đời thứ 7 là Lịch Thu Thủy quy ẩn, môn chủ đời thứ 8 Chung Linh Tú kế vị chưa được một tháng, hôm đó đúng vào đêm trung thu. Theo lệ thư…"
Lịch Thu Thủy	94	243	dialogues	369	cleaned_text	…còn nhỏ, không biết đã bị ai đó đặt trên chiếc thuyền nhỏ cạnh sông Tương. Nếu không nhờ chưởng môn đời thứ 7 Lịch Thu Thủy đi qua cứu, thì không biết có còn sống đến ngày nay không? Khi lớn lên, không ngày nào tiểu nữ không nghĩ đến…
