Task_ID_Dec,Task_ID_Hex,Tên_Nhiệm_Vụ,Thể_Loại,Thứ_Tự_Logic,Số_Subtask,Người_Giao_Đầu_Tiên,Nguồn_File,Tóm_Tắt_Cốt_Truyện_Gốc
1,0000000000000001,Tứ Diện Sở Ca,Nhiệm vụ chính tuyến,linear,8,Quý Thúc Ban,Stories\task_publish\task\0000000000000001.xml,"Thiên Vương bang chủ Dương Thiết Tâm trước đây từng là đồng môn với quý tộc Tây Hạ Lý Thăng Dương, cùng bái Sở Khi Thiên phái Côn Lôn làm sư phụ. Về sau cả hai người thành tài xuất sư, Lý Thăng Dương ..."
2,0000000000000002,Bất Ngờ,Nhiệm vụ chính tuyến,linear,16,La Phong,Stories\task_publish\task\0000000000000002.xml,"Trung thần Ngu Doãn Văn tạ thế từ 20 năm trước, Cái Bang bất ngờ mất đi trụ cột chính trong triều. Nhưng đó là thời gian hai nước Tống Kim hòa bình, ngay lập tức người trong Cái Bang chia rẽ mất đoàn ..."
3,0000000000000003,Mật Lâm Thâm Xứ,Nhiệm vụ chính tuyến,linear,1,Người bắt rắn,Stories\task_publish\task\0000000000000003.xml,"Ngũ Độc Giáo bị triều đình truy sát đã gần 10 năm, Nguyên lão trong giáo đã chết gần hết, uy danh năm xưa đã không còn. Các cao thủ còn lại đang tổ chức một cuộc hội kiến, dự định sẽ kết hợp với Hồ Hi..."
4,0000000000000004,Tình Nghĩa Khó Lưỡng Toàn,Nhiệm vụ chính tuyến,linear,13,Cơ Chú,Stories\task_publish\task\0000000000000004.xml,
5,0000000000000005,Chuyện Cũ Ngũ Độc,Nhiệm vụ chính tuyến,linear,13,Cơ Chú,Stories\task_publish\task\0000000000000005.xml,
6,0000000000000006,Tuyết Dạ Kinh Biến,Nhiệm vụ chính tuyến,linear,5,Tạ Vũ Điền,Stories\task_publish\task\0000000000000006.xml,"Năm thứ 3 Thiên Khánh, Việt vương Lý Nhân Hữu băng hà. Thời kỳ đầu Hoàn Tông trị quốc, quốc gia rơi vào cảnh lầm than, người Mông Cổ ở bộ lạc Thát Đát phương Bắc như hổ đói luôn muốn ăn thịt Tây Hạ. H..."
7,0000000000000007,Thật Giả Khó Phân,Nhiệm vụ chính tuyến,linear,7,Nhất Diệp Chân Nhân,Stories\task_publish\task\0000000000000007.xml,"Vương Trùng Dương nhậm chức Chưởng giáo Võ Đang, làm cho Võ Đang Phái có lề lối, ngày càng phát triển đi lên. Nhưng việc Chưởng giáo Võ Đang năm xưa là Lý Thiên Mục mất tích một cách thần bí, luôn là ..."
8,0000000000000008,Trạch Tâm Nhân Hậu,Nhiệm vụ chính tuyến,linear,6,Huyền Bi,Stories\task_publish\task\0000000000000008.xml,"Hoàng Hà 3 lần vỡ đê, làm đường sông dời về phía nam, nước từ sông Hoài đổ ra biển; cũng khiến kinh tế Kim triều không gượng dậy nổi. Bởi vì: Thứ 1, người dân ở hai bên bờ đã ly tán nơi khác, trong đó..."
9,0000000000000009,Thiên Mục Chi Mê,Nhiệm vụ chính tuyến,linear,5,Ngột Tát,Stories\task_publish\task\0000000000000009.xml,"Bắt đầu từ năm thứ 6 Chương Tông Minh Xương (1195), bộ lạc Thát Đát phương Bắc liên tục quấy nhiễu biên cương Kim triều, không còn giữ mối quan hệ bề tôi như trước đây. Chương Tông áp dụng chiến lược ..."
10,000000000000000a,Nhân Ái Sinh Hận,Nhiệm vụ chính tuyến,linear,4,Vô Sân Sư Thái,Stories\task_publish\task\000000000000000A.xml,"Ngô Gia Quân trấn giữ Ba Thục, do Tống Kim hai nước phân tranh, miền Tây gần như độc lập, thống soái của Ngô Gia Quân là Ngô Hy trở thành hoàng đế trên thực tế, được triều đình ban cho  chức Tứ Xuyên ..."
11,000000000000000b,Thế Sự Khó Lường,Nhiệm vụ chính tuyến,linear,6,Đường Hạc,Stories\task_publish\task\000000000000000B.xml,"Đường Môn với biệt hiệu Xuyên Thục Đệ Nhất Gia đã thống lĩnh võ lâm Tây Nam mấy trăm năm nay, môn hạ tài năng vô số, rất nhiều kỳ công dị thuật. Nhưng cảnh thịnh thế này cũng dần mất đi khi môn chủ tr..."
12,000000000000000c,Huyết Quang Tai,Nhiệm vụ chính tuyến,linear,11,Đan Bích Tú,Stories\task_publish\task\000000000000000C.xml,"Tin Du Long Giác xuất thế đã mang đến đại họa cho Thúy Yên Môn. Đệ tử môn hạ tử thương thê thảm, rất may là Môn Chủ đời trước Doãn Hàm Yên dẫn theo nữ nhi Doãn Tiêu Vũ đến kịp lúc, tạo dựng lại nền mó..."
13,000000000000000d,Người Kế Vị,Nhiệm vụ chính tuyến,linear,5,Bạch Thu Lâm [<color=green>Thủ Lĩnh Nghĩa Quân<color>],Stories\task_publish\task\000000000000000D.xml,
14,000000000000000e,Đột Biến,Nhiệm vụ chính tuyến,linear,5,Hàn Thác Trụ,Stories\task_publish\task\000000000000000E.xml,
15,000000000000000f,Tân Triều,Nhiệm vụ chính tuyến,linear,5,Hàn Thác Trụ,Stories\task_publish\task\000000000000000F.xml,
16,0000000000000010,Tìm Ra Lời Đáp,Nhiệm vụ chính tuyến,linear,5,Bạch Thu Lâm [<color=green>Thủ Lĩnh Nghĩa Quân<color>],Stories\task_publish\task\0000000000000010.xml,
17,0000000000000011,Báo Ân,Nhiệm vụ chính tuyến,linear,6,Long Ngũ Thái Gia [<color=green>Nguyên Lão Nghĩa Quân<color>],Stories\task_publish\task\0000000000000011.xml,
18,0000000000000012,Bí Mật Che Giấu,Nhiệm vụ chính tuyến,linear,6,Bạch Thu Lâm [<color=green>Thủ Lĩnh Nghĩa Quân<color>],Stories\task_publish\task\0000000000000012.xml,
19,0000000000000013,Âm Sai Dương Thác,Nhiệm vụ chính tuyến,linear,8,Bạch Thu Lâm [<color=green>Thủ Lĩnh Nghĩa Quân<color>],Stories\task_publish\task\0000000000000013.xml,
20,0000000000000014,Hé Lộ Manh Mối,Nhiệm vụ chính tuyến,linear,8,Tiền Hải [Đệ Tử Ngũ Độc Giáo],Stories\task_publish\task\0000000000000014.xml,
21,0000000000000015,Súc Thế Đãi Phát,Nhiệm vụ chính tuyến,linear,7,Bạch Thu Lâm [<color=green>Thủ Lĩnh Nghĩa Quân<color>],Stories\task_publish\task\0000000000000015.xml,
22,0000000000000016,Mang Ngọc Mắc Tội,Nhiệm vụ chính tuyến,linear,6,Bạch Thu Lâm [<color=green>Thủ Lĩnh Nghĩa Quân<color>],Stories\task_publish\task\0000000000000016.xml,
23,0000000000000017,Bộ Bộ Vi Doanh,Nhiệm vụ chính tuyến,linear,5,Thu Đại Sư,Stories\task_publish\task\0000000000000017.xml,
24,0000000000000018,Xua Tan Mây Mù,Nhiệm vụ chính tuyến,linear,11,Vô Sân Sư Thái,Stories\task_publish\task\0000000000000018.xml,
25,0000000000000019,Mưu Kế Thâm Sâu,Nhiệm vụ chính tuyến,linear,1,Lãnh Thu Vân,Stories\task_publish\task\0000000000000019.xml,
26,000000000000001a,Thu Phục,Nhiệm vụ chính tuyến,linear,1,Cầu Chỉ Thủy,Stories\task_publish\task\000000000000001A.xml,
27,000000000000001b,Nghĩa Khí La Phong,Nhiệm vụ chính tuyến,linear,1,La Phong,Stories\task_publish\task\000000000000001B.xml,
28,000000000000001c,Bố Giả Thương,Nhiệm vụ chính tuyến,linear,1,Thạch Hiên Viên,Stories\task_publish\task\000000000000001C.xml,
29,000000000000001d,Hầu Nhi Tửu,Nhiệm vụ chính tuyến,linear,1,La Phong,Stories\task_publish\task\000000000000001D.xml,
30,000000000000001e,Ảnh Giả,Nhiệm vụ chính tuyến,linear,1,Củng Thiếu Trăn,Stories\task_publish\task\000000000000001E.xml,
31,000000000000001f,Đả Cẩu Trận Pháp,Nhiệm vụ chính tuyến,linear,1,La Phong,Stories\task_publish\task\000000000000001F.xml,
32,0000000000000020,Á Lão Đầu,Nhiệm vụ chính tuyến,linear,1,Quý Thúc Ban,Stories\task_publish\task\0000000000000020.xml,
33,0000000000000021,Nạn Cá Sấu,Nhiệm vụ chính tuyến,linear,1,Đệ tử phòng tình báo,Stories\task_publish\task\0000000000000021.xml,
34,0000000000000022,Thương Nhân Thần Bí,Nhiệm vụ chính tuyến,linear,1,Lâu Nhất Quan,Stories\task_publish\task\0000000000000022.xml,
35,0000000000000023,Bí Ẩn Phản Tộc,Nhiệm vụ chính tuyến,linear,1,Thống lĩnh Tiên Phong Bạch Phổ,Stories\task_publish\task\0000000000000023.xml,
36,0000000000000024,Chứng Cứ Phản Loạn,Nhiệm vụ chính tuyến,linear,1,Đệ Tử Quý Thúc Ban,Stories\task_publish\task\0000000000000024.xml,
37,0000000000000025,Quý Hầu Mắc Nạn,Nhiệm vụ chính tuyến,linear,1,Hùng Đỉnh,Stories\task_publish\task\0000000000000025.xml,
38,0000000000000026,Cược Đao Khách,Nhiệm vụ chính tuyến,linear,1,Lục Tiểu Lam,Stories\task_publish\task\0000000000000026.xml,
39,0000000000000027,Cược Kiếm Khách,Nhiệm vụ chính tuyến,linear,1,Lục Tiểu Lam,Stories\task_publish\task\0000000000000027.xml,
40,0000000000000028,Doanh Trại Cũ,Nhiệm vụ chính tuyến,linear,1,Hàn Phá Sơn,Stories\task_publish\task\0000000000000028.xml,
41,0000000000000029,Công Tử Si Tình,Nhiệm vụ chính tuyến,linear,1,Mộ Dung Tương Quân,Stories\task_publish\task\0000000000000029.xml,
42,000000000000002a,Cô Phần,Nhiệm vụ chính tuyến,linear,1,,Stories\task_publish\task\000000000000002A.xml,
43,000000000000002b,Họa Rắn Cạp Nong,Nhiệm vụ chính tuyến,linear,1,Lư Tiếu Bần,Stories\task_publish\task\000000000000002B.xml,
44,000000000000002c,Đồ Thôn,Nhiệm vụ chính tuyến,linear,1,Hàn Phá Sơn,Stories\task_publish\task\000000000000002C.xml,
45,000000000000002d,Sát Thủ Thổ Sơn,Nhiệm vụ chính tuyến,linear,1,Hàn Phá Sơn,Stories\task_publish\task\000000000000002D.xml,
46,000000000000002e,Nữ Vu Ca,Nhiệm vụ chính tuyến,linear,1,Điệp Phiêu Phiêu,Stories\task_publish\task\000000000000002E.xml,
47,000000000000002f,Đại Tuyết Chi Chủng,Nhiệm vụ chính tuyến,linear,1,Tạ Vũ Điền,Stories\task_publish\task\000000000000002F.xml,
48,0000000000000030,Lai Lịch Tống Thu Thạch,Nhiệm vụ chính tuyến,linear,1,Tạ Vũ Điền,Stories\task_publish\task\0000000000000030.xml,
49,0000000000000031,Huynh Muội Du Thị,Nhiệm vụ chính tuyến,linear,1,Du Thanh Tố,Stories\task_publish\task\0000000000000031.xml,
50,0000000000000032,Chủ Nhân Thần Bí,Nhiệm vụ chính tuyến,linear,1,Tuần Dạ Nhân,Stories\task_publish\task\0000000000000032.xml,
51,0000000000000033,Băng Huyệt Bi Hào,Nhiệm vụ chính tuyến,linear,1,Tô Tô,Stories\task_publish\task\0000000000000033.xml,
52,0000000000000034,Côn Lôn Cố Sự,Nhiệm vụ chính tuyến,linear,1,Du Lạc Thiên,Stories\task_publish\task\0000000000000034.xml,
53,0000000000000035,Trở Lại Nhân Gian,Nhiệm vụ chính tuyến,linear,1,Dã Nhân Anh Tự Tú,Stories\task_publish\task\0000000000000035.xml,
54,0000000000000036,Phạm Giới Chi Tăng,Nhiệm vụ chính tuyến,linear,1,Huyền Bi,Stories\task_publish\task\0000000000000036.xml,
55,0000000000000037,Tứ Vị Danh Dược,Nhiệm vụ chính tuyến,linear,1,Huyền Khổ Đại Sư,Stories\task_publish\task\0000000000000037.xml,
56,0000000000000038,Danh Sư Không Tướng,Nhiệm vụ chính tuyến,linear,1,Huyền Từ Đại Sư,Stories\task_publish\task\0000000000000038.xml,
57,0000000000000039,Thần Bí Thiết Tặc,Nhiệm vụ chính tuyến,linear,1,Huyền Khổ Đại Sư,Stories\task_publish\task\0000000000000039.xml,
58,000000000000003a,Phục Hồi Cơ Quan,Nhiệm vụ chính tuyến,linear,1,Trừng Quang,Stories\task_publish\task\000000000000003A.xml,
59,000000000000003b,Đệ Tử Bị Thương,Nhiệm vụ chính tuyến,linear,1,Trừng Huệ,Stories\task_publish\task\000000000000003B.xml,
60,000000000000003c,Khảo Nghiệm Cuối Cùng,Nhiệm vụ chính tuyến,linear,1,Huyền Bi,Stories\task_publish\task\000000000000003C.xml,
61,000000000000003d,Diệu Kế Bình Loạn,Nhiệm vụ chính tuyến,linear,1,Lộ Hiểu Nhiên,Stories\task_publish\task\000000000000003D.xml,
62,000000000000003e,Thái Điệp Tiên Tử,Nhiệm vụ chính tuyến,linear,1,Nhất Diệp Chân Nhân,Stories\task_publish\task\000000000000003E.xml,
63,000000000000003f,Kiếm Khách Si Tình,Nhiệm vụ chính tuyến,linear,1,Chung Chí Minh,Stories\task_publish\task\000000000000003F.xml,
64,0000000000000040,Thần Bí Kim Nhân,Nhiệm vụ chính tuyến,linear,1,Linh Hạc Chân Nhân,Stories\task_publish\task\0000000000000040.xml,
65,0000000000000041,Hổ Động Mê Tung,Nhiệm vụ chính tuyến,linear,1,Đệ Tử Võ Đang Hiểu Âm,Stories\task_publish\task\0000000000000041.xml,"Tam Chân Nhân của núi Võ Đang gồm Linh Hạc Chân Nhân lo việc đối ngoại, Nhất Diệp chân nhân lo việc giảng dạy và Động Hư Chân Nhân là trưởng lão chấp pháp. Động Hư Chân Nhân mang tiếng là giữ chức chấ..."
66,0000000000000042,Đêm Mưa Rả Rích,Nhiệm vụ chính tuyến,linear,2,Long Tiêu Tiêu,Stories\task_publish\task\0000000000000042.xml,
67,0000000000000043,Thù Cũ,Nhiệm vụ chính tuyến,linear,1,Ngụy Trường Phong,Stories\task_publish\task\0000000000000043.xml,
68,0000000000000044,Hoàng Lăng Chi Biến,Nhiệm vụ chính tuyến,linear,1,Bồ Sát Phong Nô,Stories\task_publish\task\0000000000000044.xml,
69,0000000000000045,Kho Báu Đạo Mộ Tặc,Nhiệm vụ chính tuyến,linear,1,Ngột Tán,Stories\task_publish\task\0000000000000045.xml,
70,0000000000000046,Quân Cờ Thần Bí,Nhiệm vụ chính tuyến,linear,1,Hoàn Nhan Tương,Stories\task_publish\task\0000000000000046.xml,
71,0000000000000047,Thử Tài,Nhiệm vụ chính tuyến,linear,1,Ngột Tát,Stories\task_publish\task\0000000000000047.xml,
72,0000000000000048,Loạn Trong Giặc Ngoài,Nhiệm vụ chính tuyến,linear,1,Hoàn Nhan Tương,Stories\task_publish\task\0000000000000048.xml,
73,0000000000000049,Giải Cứu Thích Khách,Nhiệm vụ chính tuyến,linear,1,Vinh Đồ,Stories\task_publish\task\0000000000000049.xml,
74,000000000000004a,Diệt Khẩu,Nhiệm vụ chính tuyến,linear,1,Bồ Sát Phong Nô,Stories\task_publish\task\000000000000004A.xml,
75,000000000000004b,Nga My Cố Sự,Nhiệm vụ chính tuyến,linear,1,Lý Nguyên Khải,Stories\task_publish\task\000000000000004B.xml,
76,000000000000004c,Cầu Thân,Nhiệm vụ chính tuyến,linear,1,Phó Thông,Stories\task_publish\task\000000000000004C.xml,
77,000000000000004d,Vô Niệm Kiếp,Nhiệm vụ chính tuyến,linear,1,Vô Niệm Sư Thái,Stories\task_publish\task\000000000000004D.xml,
78,000000000000004e,Thách Đấu Cừu Tuyết,Nhiệm vụ chính tuyến,linear,1,Thống Lĩnh Thị Vệ,Stories\task_publish\task\000000000000004E.xml,
79,000000000000004f,Mối Hận Đường Gia,Nhiệm vụ chính tuyến,linear,1,Lăng Phong Nhạn,Stories\task_publish\task\000000000000004F.xml,
80,0000000000000050,Cung Nữ Cung Thất,Nhiệm vụ chính tuyến,linear,1,Cừu Tuyết,Stories\task_publish\task\0000000000000050.xml,
81,0000000000000051,Bạch Cốt Chi Thành,Nhiệm vụ chính tuyến,linear,1,Vô Tưởng Sư Thái,Stories\task_publish\task\0000000000000051.xml,
82,0000000000000052,Hợp Tung Liên Hoành,Nhiệm vụ chính tuyến,linear,1,Đường Khuyết,Stories\task_publish\task\0000000000000052.xml,
83,0000000000000053,Độc Kế,Nhiệm vụ chính tuyến,linear,1,Đường Khuyết,Stories\task_publish\task\0000000000000053.xml,
84,0000000000000054,Tâm Pháp Mật Tịch,Nhiệm vụ chính tuyến,linear,1,Đường Ngộ,Stories\task_publish\task\0000000000000054.xml,
85,0000000000000055,Khuynh Tâm Chi Giao,Nhiệm vụ chính tuyến,linear,1,Đường Như,Stories\task_publish\task\0000000000000055.xml,
86,0000000000000056,Đường Môn Tứ Lão,Nhiệm vụ chính tuyến,linear,1,Đường Hạc,Stories\task_publish\task\0000000000000056.xml,
87,0000000000000057,Hoài Nghi,Nhiệm vụ chính tuyến,linear,1,Đường Hiểu,Stories\task_publish\task\0000000000000057.xml,
88,0000000000000058,Ân Tình Đường Hiểu,Nhiệm vụ chính tuyến,linear,1,Đường Quân Dung,Stories\task_publish\task\0000000000000058.xml,
89,0000000000000059,Hoa Cốc Lai Khách,Nhiệm vụ chính tuyến,linear,1,Doãn Tiêu Vũ,Stories\task_publish\task\0000000000000059.xml,
90,000000000000005a,Hộ Hoa Sứ Giả,Nhiệm vụ chính tuyến,linear,1,Doãn Tiêu Vũ,Stories\task_publish\task\000000000000005A.xml,
91,000000000000005b,Toàn Thiên Yến Tử,Nhiệm vụ chính tuyến,linear,1,Nhạn Xảo Vân,Stories\task_publish\task\000000000000005B.xml,
92,000000000000005c,Nỗi Nhục Sư Môn,Nhiệm vụ chính tuyến,linear,1,Đan Bích Tú,Stories\task_publish\task\000000000000005C.xml,
93,000000000000005d,Khách Phương Bắc,Nhiệm vụ chính tuyến,linear,1,Nhạn Xảo Vân,Stories\task_publish\task\000000000000005D.xml,
94,000000000000005e,Thân Thế Vinh Giảo Giảo,Nhiệm vụ chính tuyến,linear,1,Vinh Giảo Giảo,Stories\task_publish\task\000000000000005E.xml,
95,000000000000005f,Ân Tình Trác Vân,Nhiệm vụ chính tuyến,linear,1,Gia Cát Trác Vân,Stories\task_publish\task\000000000000005F.xml,
96,0000000000000060,Cứu Tế Thôn Dân,Nhiệm vụ chính tuyến,linear,1,Nguyệt Ảnh Sa Khâu,Stories\task_publish\task\0000000000000060.xml,
97,0000000000000061,Huyền Thưởng Thông Cáo,Nhiệm vụ chính tuyến,linear,1,Vương Phó Tướng,Stories\task_publish\task\0000000000000061.xml,
98,0000000000000062,Bình Định Biên Giới,Nhiệm vụ chính tuyến,linear,1,Lam Đặc Sứ,Stories\task_publish\task\0000000000000062.xml,
99,0000000000000063,Lời Nói Dối Thiện Ý,Nhiệm vụ chính tuyến,linear,1,Vân Tiểu Đao [Khoái Đao Môn],Stories\task_publish\task\0000000000000063.xml,
100,0000000000000064,Chuộc Mạng Tráng Đinh,Nhiệm vụ chính tuyến,linear,1,Cốc Ninh Sơn,Stories\task_publish\task\0000000000000064.xml,
102,0000000000000066,Luyện Nhật Đại Pháp,Nhiệm vụ chính tuyến,linear,1,Đạt Nhật A Xích,Stories\task_publish\task\0000000000000066.xml,
103,0000000000000067,Thanh Lý Môn Hộ,Nhiệm vụ chính tuyến,linear,1,Tất Thư Dương [Tuần Du Sứ],Stories\task_publish\task\0000000000000067.xml,
104,0000000000000068,Hồ Điệp Mùa Thu,Nhiệm vụ chính tuyến,linear,1,Nam Cung Uyển Nhi,Stories\task_publish\task\0000000000000068.xml,
105,0000000000000069,Chấn Nhiếp Chi Lực,Nhiệm vụ chính tuyến,linear,1,Tô Mạc Dương,Stories\task_publish\task\0000000000000069.xml,
106,000000000000006a,Bách Quan Phổ,Nhiệm vụ chính tuyến,linear,1,Lưu Toàn Bảo,Stories\task_publish\task\000000000000006A.xml,
107,000000000000006b,Biên Quản Thái Học Sinh,Nhiệm vụ chính tuyến,linear,1,Tiền Khán Thủ,Stories\task_publish\task\000000000000006B.xml,
108,000000000000006c,Lược Gia Trừng Giới,Nhiệm vụ chính tuyến,linear,1,Triệu Thịnh,Stories\task_publish\task\000000000000006C.xml,
109,000000000000006d,Tình Hình Nguy Cấp,Nhiệm vụ chính tuyến,linear,1,Long Nhất Hiện,Stories\task_publish\task\000000000000006D.xml,
110,000000000000006e,Đổ Ước,Nhiệm vụ chính tuyến,linear,1,Tôn Đình Lạc,Stories\task_publish\task\000000000000006E.xml,
111,000000000000006f,Tấn Lang Tửu,Nhiệm vụ chính tuyến,linear,1,Lão Túy Đầu,Stories\task_publish\task\000000000000006F.xml,
112,0000000000000070,Tiểu Mặc Nhĩ,Nhiệm vụ chính tuyến,linear,1,Đại Mặc Nhĩ,Stories\task_publish\task\0000000000000070.xml,
113,0000000000000071,Mua Đi Bán Lại,Nhiệm vụ chính tuyến,linear,1,Vân Đại Đao [Khoái Đao Môn],Stories\task_publish\task\0000000000000071.xml,
114,0000000000000072,Trừng Phạt,Nhiệm vụ chính tuyến,linear,1,A Nặc,Stories\task_publish\task\0000000000000072.xml,
115,0000000000000073,Kim Khoáng,Nhiệm vụ chính tuyến,linear,1,Bạch Thu Lâm [<color=green>Thủ Lĩnh Nghĩa Quân<color>],Stories\task_publish\task\0000000000000073.xml,
116,0000000000000074,A Lợi Tư,Nhiệm vụ chính tuyến,linear,1,Ngân Vũ Nạp Tư,Stories\task_publish\task\0000000000000074.xml,
117,0000000000000075,Gia Thù,Nhiệm vụ chính tuyến,linear,1,Tử Sở,Stories\task_publish\task\0000000000000075.xml,
118,0000000000000076,Tử Ngọc Băng Xà,Nhiệm vụ chính tuyến,linear,1,Bạch Thu Lâm [<color=green>Thủ Lĩnh Nghĩa Quân<color>],Stories\task_publish\task\0000000000000076.xml,
119,0000000000000077,Hôn Quan,Nhiệm vụ chính tuyến,linear,1,Cáp Ca,Stories\task_publish\task\0000000000000077.xml,
120,0000000000000078,Mua Bán Lớn,Nhiệm vụ chính tuyến,linear,1,Ân Bốc Nguyên [Bang Chủ Tào Bang],Stories\task_publish\task\0000000000000078.xml,
121,0000000000000079,Bình Loạn,Nhiệm vụ chính tuyến,linear,1,Tần Khuê [Vạn Tự Doanh],Stories\task_publish\task\0000000000000079.xml,
122,000000000000007a,Lang Hài,Nhiệm vụ chính tuyến,linear,1,Mại Thán Ông,Stories\task_publish\task\000000000000007A.xml,
123,000000000000007b,Trọng Thưởng,Nhiệm vụ chính tuyến,linear,1,Ma Bổ Đầu,Stories\task_publish\task\000000000000007B.xml,
124,000000000000007c,Tầm Hồi Quái Vật,Nhiệm vụ chính tuyến,linear,1,A Nặc,Stories\task_publish\task\000000000000007C.xml,
125,000000000000007d,Đào Ly,Nhiệm vụ chính tuyến,linear,1,Lý Cổ Nạp Tư,Stories\task_publish\task\000000000000007D.xml,
126,000000000000007e,Cựu Hận,Nhiệm vụ chính tuyến,linear,1,Tạ Hiền [<color=green>Chủ Tiền Trang<color>],Stories\task_publish\task\000000000000007E.xml,
127,000000000000007f,Khơi Thông,Nhiệm vụ chính tuyến,linear,1,Phí Sĩ Tương,Stories\task_publish\task\000000000000007F.xml,
128,0000000000000080,Võng Khai Nhất Diện,Nhiệm vụ chính tuyến,linear,1,Bạch Thu Lâm [<color=green>Thủ Lĩnh Nghĩa Quân<color>],Stories\task_publish\task\0000000000000080.xml,
129,0000000000000081,Cảnh Chung,Nhiệm vụ chính tuyến,linear,1,Tuần Kiểm Sứ,Stories\task_publish\task\0000000000000081.xml,
130,0000000000000082,Y Giả Tâm,Nhiệm vụ chính tuyến,linear,1,Đỗ Tân [Quân Y],Stories\task_publish\task\0000000000000082.xml,
131,0000000000000083,Thiết Mẫu,Nhiệm vụ chính tuyến,linear,1,Lạt Lị Đầu,Stories\task_publish\task\0000000000000083.xml,
132,0000000000000084,Đại Án Tử Mẫu Hoàn,Nhiệm vụ chính tuyến,linear,1,Cốc Nam [Thống Lĩnh Thị Vệ Ngự Tiền],Stories\task_publish\task\0000000000000084.xml,
133,0000000000000085,Đại Án Thâm Khuê,Nhiệm vụ chính tuyến,linear,1,Long Nhất Hiện,Stories\task_publish\task\0000000000000085.xml,
134,0000000000000086,Tế Sống,Nhiệm vụ chính tuyến,linear,1,Tam Bạng Tử,Stories\task_publish\task\0000000000000086.xml,
135,0000000000000087,Tín Đồ,Nhiệm vụ chính tuyến,linear,1,Ngô Tẩu,Stories\task_publish\task\0000000000000087.xml,
136,0000000000000088,Luân Hồi,Nhiệm vụ chính tuyến,linear,1,Bia đá,Stories\task_publish\task\0000000000000088.xml,
137,0000000000000089,Thích Khách,Nhiệm vụ chính tuyến,linear,1,Tạ Mãn Đình,Stories\task_publish\task\0000000000000089.xml,
138,000000000000008a,Diệt Sạch Báo Thù,Nhiệm vụ chính tuyến,linear,1,Mộc La Sam [Người May Mắn],Stories\task_publish\task\000000000000008A.xml,
139,000000000000008b,Hoàng Lăng,Nhiệm vụ chính tuyến,linear,1,Vũ Thanh Phong,Stories\task_publish\task\000000000000008B.xml,
140,000000000000008c,Cựu Ái Sở Tại,Nhiệm vụ chính tuyến,linear,1,Cổ Yên Nhiên,Stories\task_publish\task\000000000000008C.xml,
141,000000000000008d,Nghĩa Chi Sở Tại,Nhiệm vụ chính tuyến,linear,1,Nhiếp Văn Thành [Hộ Quan Thống Soái],Stories\task_publish\task\000000000000008D.xml,
142,000000000000008e,Tình Ý Miên Man,Nhiệm vụ chính tuyến,linear,1,Lê Mộ,Stories\task_publish\task\000000000000008E.xml,
143,000000000000008f,Hoàng Lăng Bí Sự,Nhiệm vụ chính tuyến,linear,1,Hắc Phong [Huyền Thưởng Mộ Chiêu],Stories\task_publish\task\000000000000008F.xml,
144,0000000000000090,Địch Nhân Chi Hữu,Nhiệm vụ chính tuyến,linear,1,Bạch Thu Lâm [<color=green>Thủ Lĩnh Nghĩa Quân<color>],Stories\task_publish\task\0000000000000090.xml,
145,0000000000000091,Dĩ Tiểu Kiến Đại,Nhiệm vụ chính tuyến,linear,1,Đồ Nhã,Stories\task_publish\task\0000000000000091.xml,
146,0000000000000092,Khiêu Sơn Chấn Hổ,Nhiệm vụ chính tuyến,linear,1,Bạch Thu Lâm [<color=green>Thủ Lĩnh Nghĩa Quân<color>],Stories\task_publish\task\0000000000000092.xml,
147,0000000000000093,Đại Vị Khu Trục,Nhiệm vụ chính tuyến,linear,1,Thu Đại Sư,Stories\task_publish\task\0000000000000093.xml,
148,0000000000000094,Sơn Môn Nạn,Nhiệm vụ chính tuyến,linear,1,Huệ Minh Thiền Sư,Stories\task_publish\task\0000000000000094.xml,
149,0000000000000095,Tín Đồ Nổi Giận,Nhiệm vụ chính tuyến,linear,1,Sài Đình,Stories\task_publish\task\0000000000000095.xml,
150,0000000000000096,Thân Bạn Nguy Cơ,Nhiệm vụ chính tuyến,linear,1,Bạch Thu Lâm [<color=green>Thủ Lĩnh Nghĩa Quân<color>],Stories\task_publish\task\0000000000000096.xml,
151,0000000000000097,Long Nhan Thịnh Nộ,Nhiệm vụ chính tuyến,linear,1,Đoàn Trí Hưng [<color=green>Gia chủ Đại Lý Đoàn Thị<color>],Stories\task_publish\task\0000000000000097.xml,
152,0000000000000098,Lưu Khấu Chi Phong,Nhiệm vụ chính tuyến,linear,1,Điệp Phiêu Phiêu,Stories\task_publish\task\0000000000000098.xml,
153,0000000000000099,Ám Trung Chế Địch,Nhiệm vụ chính tuyến,linear,1,Kiều Tang Tử,Stories\task_publish\task\0000000000000099.xml,
154,000000000000009a,Sát Xà Thủ Đảm,Nhiệm vụ chính tuyến,linear,1,Trương Trảm Kinh [<color=green>Chủ Tiệm Thuốc<color>],Stories\task_publish\task\000000000000009A.xml,
155,000000000000009b,Đồ Nhã Chi Thác,Nhiệm vụ chính tuyến,linear,1,Đồ Nhã,Stories\task_publish\task\000000000000009B.xml,
156,000000000000009c,Cố Nhân Chi Tình,Nhiệm vụ chính tuyến,linear,1,Bạch Thu Lâm [<color=green>Thủ Lĩnh Nghĩa Quân<color>],Stories\task_publish\task\000000000000009C.xml,
157,000000000000009d,Thân Thế Chi Mê,Nhiệm vụ chính tuyến,linear,15,Bạch Thu Lâm [<color=green>Thủ Lĩnh Nghĩa Quân<color>],Stories\task_publish\task\000000000000009D.xml,
158,000000000000009e,Sơn Vũ Dục Lai,Nhiệm vụ chính tuyến,linear,1,Cao Thăng [<color=green>Nghĩa Quân Tinh Nhuệ<color>],Stories\task_publish\task\000000000000009E.xml,
159,000000000000009f,Nghịch Vận Luân,Nhiệm vụ chính tuyến,linear,1,Cao Thăng [<color=green>Nghĩa Quân Tinh Nhuệ<color>],Stories\task_publish\task\000000000000009F.xml,
160,00000000000000a0,Hồ Điệp Phong Bạo,Nhiệm vụ chính tuyến,linear,1,Cao Thăng [<color=green>Nghĩa Quân Tinh Nhuệ<color>],Stories\task_publish\task\00000000000000A0.xml,
161,00000000000000a1,Tâm Đắc Thư (sơ),Nhiệm vụ chính tuyến,linear,1,,Stories\task_publish\task\00000000000000A1.xml,
162,00000000000000a2,Tâm Đắc Thư (trung),Nhiệm vụ chính tuyến,linear,1,,Stories\task_publish\task\00000000000000A2.xml,
163,00000000000000a3,Tâm Đắc Thư (cao),Nhiệm vụ chính tuyến,linear,1,,Stories\task_publish\task\00000000000000A3.xml,
164,00000000000000a4,Đánh Đuổi Cường Đạo,Nhiệm vụ chính tuyến,linear,1,Tường Tẩu,Stories\task_publish\task\00000000000000A4.xml,
165,00000000000000a5,Hành Động Ám Sát,Nhiệm vụ chính tuyến,linear,1,Nguyệt Ảnh Sa Khâu,Stories\task_publish\task\00000000000000A5.xml,
166,00000000000000a6,Đường Lang Quyền Sư,Nhiệm vụ chính tuyến,linear,1,Đệ Tử Chấp Sự Cái Bang,Stories\task_publish\task\00000000000000A6.xml,
167,00000000000000a7,Ảnh Xã Anh Linh,Nhiệm vụ chính tuyến,linear,1,Củng Thiếu Trăn,Stories\task_publish\task\00000000000000A7.xml,
168,00000000000000a8,Hoa Hương Loa,Nhiệm vụ chính tuyến,linear,1,Lư Tiếu Bần,Stories\task_publish\task\00000000000000A8.xml,
169,00000000000000a9,Ủy Thác Của Đệ Tử Thiên Vương,Nhiệm vụ chính tuyến,linear,1,U Uất Đệ Tử,Stories\task_publish\task\00000000000000A9.xml,"Gần đây, vùng lân cận Thanh Loa Đảo của Thiên Vương Bang có rất nhiều nhân sĩ giang hồ hành tung kỳ lạ, võ công cao cường xuất hiện, đệ tử Thiên Vương Bang đến điều tra đều bị thất bại, hao tốn không ..."
170,00000000000000aa,Chế Tạo Thương Thiên Vương,Nhiệm vụ chính tuyến,linear,1,Á Lão Đầu,Stories\task_publish\task\00000000000000AA.xml,
171,00000000000000ab,Quả Sồi,Nhiệm vụ chính tuyến,linear,1,Cơ Dân Lưu Bần,Stories\task_publish\task\00000000000000AB.xml,
172,00000000000000ac,Đoạt Lại Pháp Khí,Nhiệm vụ chính tuyến,linear,1,Đệ Tử Thiếu Lâm Trừng Trĩ,Stories\task_publish\task\00000000000000AC.xml,
173,00000000000000ad,Rượu Mông Cổ,Nhiệm vụ chính tuyến,linear,1,Vinh Đồ,Stories\task_publish\task\00000000000000AD.xml,
174,00000000000000ae,Hồi Môn Của Như Ý,Nhiệm vụ chính tuyến,linear,1,Như Ý,Stories\task_publish\task\00000000000000AE.xml,
175,00000000000000af,Hộ Vệ Hành Thương,Nhiệm vụ chính tuyến,linear,1,Cừu Tuyết,Stories\task_publish\task\00000000000000AF.xml,
176,00000000000000b0,3 vạn con Ác viên,Nhiệm vụ chính tuyến,linear,1,Phó Thông,Stories\task_publish\task\00000000000000B0.xml,
177,00000000000000b1,Vật Thị Nhân Phi,Nhiệm vụ chính tuyến,linear,1,Đường Nhu,Stories\task_publish\task\00000000000000B1.xml,
178,00000000000000b2,Bì Giáp Y,Nhiệm vụ chính tuyến,linear,1,Thợ Săn,Stories\task_publish\task\00000000000000B2.xml,
179,00000000000000b3,Cơ Quan Thú Cốt,Nhiệm vụ chính tuyến,linear,1,Thợ Rèn Bảo Thủ,Stories\task_publish\task\00000000000000B3.xml,"Một thợ rèn của Ảnh Xã vì muốn làm cho Cơ Quan Thú đi lại được, nhờ ta lấy thú cốt từ Cơ Quan Thú cho y nghiên cứu."
180,00000000000000b4,Thu Thập Mã Thảo,Nhiệm vụ chính tuyến,linear,1,Đồ Đệ Thái Lão Đầu,Stories\task_publish\task\00000000000000B4.xml,"Gần đây Cái Bang nhập vào lượng quân mã lớn, nhưng lại không tăng người làm. Đồ đệ Thái Lão Đầu vì muốn gom đủ Mã thảo, đã làm việc mỏi cả lưng, nên nhờ ta giúp một tay."
181,00000000000000b5,Cùng Chống Quan Quân,Nhiệm vụ chính tuyến,linear,1,Ngư Phu,Stories\task_publish\task\00000000000000B5.xml,"Đệ tử Thiên Vương Bang đang bị quan quân triều đình tàn sát, ta không thể khoanh tay đứng nhìn"
182,00000000000000b6,Quan Chiến,Nhiệm vụ chính tuyến,linear,1,Đệ Tử Thiên Vương Trấn Lôi,Stories\task_publish\task\00000000000000B6.xml,"Lời của đệ tử Thiên Vương Bang chí phải, qua việc quan sát bang chủ Dương Thiết Tâm luyện quyền thuật, có thể học được rất nhiều chiêu thuật hay. Cơ hội hiếm có, ta phải tranh thủ."
183,00000000000000b7,Mối Hận Hắc Kỳ,Nhiệm vụ chính tuyến,linear,1,Quả Phụ Hắc Kỳ,Stories\task_publish\task\00000000000000B7.xml,"Võ sĩ Hắc kỳ bị Di Nhân tàn sát! Thê tử của y cầu xin ta báo thù cho y, tiêu diệt võ sĩ Di Nhân độc ác."
184,00000000000000b8,Hộ Pháp Hồng Kỳ,Nhiệm vụ chính tuyến,linear,1,Đệ Tử Thiên Vương Kim Đào,Stories\task_publish\task\00000000000000B8.xml,"Hộ pháp Hồng kỳ đánh trọng thương nhiều đệ tử Thiên Vương, nhờ ta giáo huấn nữ tử gian ác này."
185,00000000000000b9,Đệ Tử Hoàng Kỳ,Nhiệm vụ chính tuyến,linear,1,Đệ Tử Cái Bang Hỏa Phong,Stories\task_publish\task\00000000000000B9.xml,"Đệ tử Cái Bang không phải là đối thủ của đệ tử Hoàng kỳ, nhờ ta ra tay phá trận pháp của đệ tử Hoàng kỳ."
186,00000000000000ba,Họa Xà Đồ,Nhiệm vụ chính tuyến,linear,1,Họa Sư Nhát Gan,Stories\task_publish\task\00000000000000BA.xml,
187,00000000000000bb,Bức Thư Của Ông Lão,Nhiệm vụ chính tuyến,linear,1,,Stories\task_publish\task\00000000000000BB.xml,
188,00000000000000bc,Vào hang rắn tìm cha,Nhiệm vụ chính tuyến,linear,1,Tiểu Thiên,Stories\task_publish\task\00000000000000BC.xml,"Tiểu Thiên và cha lên núi chặt củi, vào nhầm hang rắn Hổ. Cha vì cứu Tiểu Thiên mà bị kẹt lại trong hang, hiện chưa rõ sống chết."
189,00000000000000bd,Trừng Trị Tù Phạm,Nhiệm vụ chính tuyến,linear,1,Hiệu Úy Kim Quốc Tất Minh,Stories\task_publish\task\00000000000000BD.xml,
190,00000000000000be,Thuyền Cỏ Mượn Tên,Nhiệm vụ chính tuyến,linear,1,Đệ Tử Thúy Yên Ngọc Châu,Stories\task_publish\task\00000000000000BE.xml,
191,00000000000000bf,Trưởng Sĩ Binh,Nhiệm vụ chính tuyến,linear,1,Sơn dân vô tội,Stories\task_publish\task\00000000000000BF.xml,"Tên Trưởng sĩ binh đáng ghét đã lấy hết tài sản của sơn dân vô tội, sơn dân nhờ ta dạy cho hắn một bài học đích đáng."
192,00000000000000c0,Xuân Tàm Tân Ty,Nhiệm vụ chính tuyến,linear,1,Đệ Tử Thúy Yên Sa Chức,Stories\task_publish\task\00000000000000C0.xml,"Để tái thiết Thúy Yên Môn sau đại loạn, khuyến khích các nữ đệ tử chăm lo thêu thùa kiếm tiền. Vì vậy cần nhiều người vào vườn dâu trong Bách Hoa Trận hái lá dâu tươi, bắt tằm để sản xuất tơ."
193,00000000000000c1,Tứ Quý Hồi Công Đơn,Nhiệm vụ chính tuyến,linear,1,Đệ Tử Thúy Yên Hiểu Vân,Stories\task_publish\task\00000000000000C1.xml,"Ma Y Thần Tướng đoán được Thúy Yên Môn sẽ xảy ra biến cố lớn, nhưng sợ nói ra sẽ khiến các đệ tử hoang mang nên quyết định chuẩn bị trước, luyện Tứ Quý Hồi Công Đơn cho đệ tử Thúy Yên Môn, dược liệu c..."
194,00000000000000c2,Đao Khách Quỵt Nợ,Nhiệm vụ chính tuyến,linear,1,Võ Sĩ Nhất Phẩm Đường,Stories\task_publish\task\00000000000000C2.xml,
197,00000000000000c5,Chuyện Cũ Thần Châu,Nhiệm vụ chính tuyến,linear,1,Long Ngũ Thái Gia [<color=green>Nguyên Lão Nghĩa Quân<color>],Stories\task_publish\task\00000000000000C5.xml,
198,00000000000000c6,Ma Nữ,Nhiệm vụ chính tuyến,linear,1,Kiếm Nô,Stories\task_publish\task\00000000000000C6.xml,
199,00000000000000c7,Long Thương,Nhiệm vụ chính tuyến,linear,1,Kiếm Nô,Stories\task_publish\task\00000000000000C7.xml,
200,00000000000000c8,Cửu Tuyệt,Nhiệm vụ chính tuyến,linear,1,Kiếm Nô,Stories\task_publish\task\00000000000000C8.xml,
201,00000000000000c9,Tôn Sư,Nhiệm vụ chính tuyến,linear,1,Kiếm Nô,Stories\task_publish\task\00000000000000C9.xml,
202,00000000000000ca,Chuyện Cũ Giang Hồ,Nhiệm vụ chính tuyến,linear,1,Kiếm Nô,Stories\task_publish\task\00000000000000CA.xml,
203,00000000000000cb,Nhiệm Vụ Tiếp Dẫn Thiên Vương,Nhiệm vụ chính tuyến,linear,2,Bùi Viễn [<color=green>Đệ tử tiếp dẫn Thiên Vương<color>],Stories\task_publish\task\00000000000000CB.xml,
204,00000000000000cc,Nhiệm Vụ Tiếp Dẫn Cái Bang,Nhiệm vụ chính tuyến,linear,2,La Tuấn [<color=green>Đệ tử Tiếp Dẫn Cái Bang<color>],Stories\task_publish\task\00000000000000CC.xml,
205,00000000000000cd,Nhiệm Vụ Tiếp Dẫn Ngũ Độc,Nhiệm vụ chính tuyến,linear,2,Biên Nhất Xuân [<color=green>Đệ tử tiếp dẫn Ngũ Độc<color>],Stories\task_publish\task\00000000000000CD.xml,
206,00000000000000ce,Nhiệm Vụ Tiếp Dẫn Côn Lôn,Nhiệm vụ chính tuyến,linear,2,Quy Kinh Tinh [<color=green>Đệ tử tiếp dẫn Côn Lôn<color>],Stories\task_publish\task\00000000000000CE.xml,
207,00000000000000cf,Nhiệm Vụ Tiếp Dẫn Võ Đang,Nhiệm vụ chính tuyến,linear,2,Minh Tuệ [<color=green>Đệ tử tiếp dẫn Võ Đang<color>],Stories\task_publish\task\00000000000000CF.xml,
208,00000000000000d0,Nhiệm Vụ Tiếp Dẫn Thiếu Lâm,Nhiệm vụ chính tuyến,linear,2,Tịch Huyễn [<color=green>Đệ tử tiếp dẫn Thiếu Lâm<color>],Stories\task_publish\task\00000000000000D0.xml,
209,00000000000000d1,Nhiệm Vụ Tiếp Dẫn Thiên Nhẫn,Nhiệm vụ chính tuyến,linear,2,Tạ Phi Kinh [<color=green>Đệ tử tiếp dẫn Thiên Nhẫn<color>],Stories\task_publish\task\00000000000000D1.xml,
210,00000000000000d2,Nhiệm Vụ Tiếp Dẫn Nga My,Nhiệm vụ chính tuyến,linear,2,Huyền Tịnh [<color=green>Đệ tử tiếp dẫn Nga My<color>],Stories\task_publish\task\00000000000000D2.xml,
211,00000000000000d3,Nhiệm vụ tiếp dẫn Đường Môn,Nhiệm vụ chính tuyến,linear,2,Đường Tế Dân [<color=green>Đệ tử tiếp dẫn Đường Môn<color>],Stories\task_publish\task\00000000000000D3.xml,
212,00000000000000d4,Nhiệm Vụ Tiếp Dẫn Thúy Yên,Nhiệm vụ chính tuyến,linear,2,Tô Nhã [<color=green>Đệ tử tiếp dẫn Thúy Yên<color>],Stories\task_publish\task\00000000000000D4.xml,
213,00000000000000d5,Nhiệm Vụ Tiếp Dẫn Minh Giáo,Nhiệm vụ chính tuyến,linear,2,Đồng Lăng [<color=green>Đệ tử tiếp dẫn Minh Giáo<color>],Stories\task_publish\task\00000000000000D5.xml,
214,00000000000000d6,Nhiệm Vụ Tiếp Dẫn Đoàn Thị,Nhiệm vụ chính tuyến,linear,2,Đoàn Tu Tịnh [<color=green>Đệ tử tiếp dẫn Đại Lý Đoàn Thị<color>],Stories\task_publish\task\00000000000000D6.xml,
215,00000000000000d7,Nhiệm Vụ Nghĩa Quân,Nhiệm vụ chính tuyến,linear,1,Bạch Thu Lâm [<color=green>Thủ Lĩnh Nghĩa Quân<color>],Stories\task_publish\task\00000000000000D7.xml,
216,00000000000000d8,Vượt Ải Bạch Hổ Đường,Nhiệm vụ chính tuyến,linear,1,Bạch Thu Lâm [<color=green>Thủ Lĩnh Nghĩa Quân<color>],Stories\task_publish\task\00000000000000D8.xml,"Giang hồ đồn rằng, Diêm Bang buôn muối rất giàu. Từ khi chưởng môn Từ Bân Kiếm kế vị, làm tay sai cho triều đình. Từ khi bang chủ đời trước của Diêm Bang ""Tuyệt Giang Hải"" Tiều Hiển mất tích một cách ..."
217,00000000000000d9,Tương Dương Lão Binh,Nhiệm vụ chính tuyến,linear,1,Tương Dương Lão Binh,Stories\task_publish\task\00000000000000D9.xml,"Trong thành Tương Dương có một vị lão binh, sống cô độc một mình, không ai biết tên của ông ta, chỉ biết lúc trẻ đi lính, nên gọi là lão binh. Bạch Thu Lâm nhờ ta tìm hiểu cuộc sống của lão binh và nh..."
218,00000000000000da,Đấu Lôi Đài,Nhiệm vụ chính tuyến,linear,1,Ô Sơn Thanh,Stories\task_publish\task\00000000000000DA.xml,"Ô Tiểu Long là con trai của tiêu đầu Ô Vân Thông của Bách Xuyên tiêu cục phân hiệu Thành Đô, gia cảnh khá giả, từ nhỏ đã cùng thiếu gia nhà giàu chơi bời lêu lỏng, dựa thế của Bách Xuyên tiêu cục và t..."
219,00000000000000db,Nghi Chủng,Nhiệm vụ phó bản,linear,1,Bia đá lâu năm,Stories\task_publish\task\00000000000000DB.xml,"Tay sờ lên bia đá lạnh buốt, bên trên có khắc vài chữ hơi mờ, hình như chủ nhân của ngôi mộ này là thương nhân Đào Chu Công Phạm Lãi nổi tiếng cuối thời Xuân Thu Chiến Quốc. Giang hồ đồn rằng, trước k..."
220,00000000000000dc,Người Mất Tích,Nhiệm vụ phó bản,linear,1,Bia đá lâu năm,Stories\task_publish\task\00000000000000DC.xml,"Trước cổng cổ thành có một bia đá cũ, những chữ trên đó bị gió sa mạc mài mòn loang lổ, dường như ghi lại câu chuyện một thời của thành này. Không thể biết chuyện gì đã xảy ra từ những dòng chữ này, n..."
221,00000000000000dd,Phó Ước,Nhiệm vụ chính tuyến,linear,1,Đường Như,Stories\task_publish\task\00000000000000DD.xml,
222,00000000000000de,Tìm Ngựa,Nhiệm vụ chính tuyến,linear,1,Mã Bá Lạc,Stories\task_publish\task\00000000000000DE.xml,
223,00000000000000df,Lão Mặc Nhĩ,Nhiệm vụ chính tuyến,linear,1,Tiểu Anh,Stories\task_publish\task\00000000000000DF.xml,
224,00000000000000e0,Trốn Chạy,Nhiệm vụ phó bản,linear,1,Lý Hương Lan [<color=orange>Tham Lý Thiên Quỳnh Cung<color>],Stories\task_publish\task\00000000000000E0.xml,"Lúc đầu, Lý Hậu theo cách Võ Tắc Thiên tự lập bức hại con nối dõi của Quang Tông, tại Phi Long Cốc, thái tử được Phi Long tiên sinh đưa đến trốn ở Thiên Quỳnh Cung. Không ngờ, nhị đệ tử Lãnh Sương Nhi..."
225,00000000000000e1,Hành Trình Mới,Nhiệm vụ chính tuyến,linear,1,Bạch Thu Lâm [<color=green>Thủ Lĩnh Nghĩa Quân<color>],Stories\task_publish\task\00000000000000E1.xml,
226,00000000000000e2,Chuẩn Bị Chiến Sự (Chính tuyến),Nhiệm vụ quân doanh,linear,1,Lư Tất Khắc [<color=green>Đại Tướng Quân<color>],Stories\task_publish\task\00000000000000E2.xml,
227,00000000000000e3,Bị Chiến Nhật Thường (Hằng ngày),Nhiệm vụ quân doanh,linear,1,Lư Tất Khắc [<color=green>Đại Tướng Quân<color>],Stories\task_publish\task\00000000000000E3.xml,
228,00000000000000e4,Thao Luyện Tân Quân,Nhiệm vụ chính tuyến,linear,1,Lư Tất Khắc [<color=green>Đại Tướng Quân<color>],Stories\task_publish\task\00000000000000E4.xml,
229,00000000000000e5,Tôn Tử Binh Pháp (cấp 90),Nhiệm vụ chính tuyến,linear,1,Từ Tường Nga [<color=green>Quan Quân Nhu<color>],Stories\task_publish\task\00000000000000E5.xml,
230,00000000000000e6,Mặc Gia Cơ Quan Thuật (cấp 90),Nhiệm vụ chính tuyến,linear,1,Thiên Cơ Tử [<color=green>Cơ Quan Đại Sư<color>],Stories\task_publish\task\00000000000000E6.xml,
231,00000000000000e7,Vì Nước Vì Dân,Nhiệm vụ chính tuyến,linear,1,Bạch Thu Lâm [<color=green>Thủ Lĩnh Nghĩa Quân<color>],Stories\task_publish\task\00000000000000E7.xml,
232,00000000000000e8,Tân Triều Dương Quang,Nhiệm vụ chính tuyến,linear,1,Bạch Thu Lâm [<color=green>Thủ Lĩnh Nghĩa Quân<color>],Stories\task_publish\task\00000000000000E8.xml,
233,00000000000000e9,Tấm Lòng Ngay Thẳng,Nhiệm vụ chính tuyến,linear,1,Đậu Hạo,Stories\task_publish\task\00000000000000E9.xml,
234,00000000000000ea,Tuần Giảng Số Nhật,Nhiệm vụ chính tuyến,linear,1,Chu Hy,Stories\task_publish\task\00000000000000EA.xml,
235,00000000000000eb,Lòng Người Khó Đoán,Nhiệm vụ chính tuyến,linear,1,Chu Hy,Stories\task_publish\task\00000000000000EB.xml,
236,00000000000000ec,Sơn Vũ Dục Lai,Nhiệm vụ chính tuyến,linear,1,Bành Quy Niên,Stories\task_publish\task\00000000000000EC.xml,
237,00000000000000ed,Quyết Chiến Một Trận,Nhiệm vụ chính tuyến,linear,1,Triệu Nhữ Nhu,Stories\task_publish\task\00000000000000ED.xml,
238,00000000000000ee,Nhất Niệm Chi Nhân,Nhiệm vụ chính tuyến,linear,1,Chu Hy,Stories\task_publish\task\00000000000000EE.xml,
239,00000000000000ef,Thắng Bại Chưa Rõ,Nhiệm vụ chính tuyến,linear,1,Chu Hy,Stories\task_publish\task\00000000000000EF.xml,
240,00000000000000f0,Khánh Nguyên Đảng Cấm,Nhiệm vụ chính tuyến,linear,1,Chu Hy,Stories\task_publish\task\00000000000000F0.xml,
241,00000000000000f1,Câu Chuyện Trường Ca,Nhiệm vụ chính tuyến,linear,1,Tân Khí Tật,Stories\task_publish\task\00000000000000F1.xml,
242,00000000000000f2,Trường Ca Tam Kiệt,Nhiệm vụ chính tuyến,linear,1,Đậu Hạo,Stories\task_publish\task\00000000000000F2.xml,
243,00000000000000f3,Thăm Dò Thát Đát,Nhiệm vụ chính tuyến,linear,1,Thư Đồng,Stories\task_publish\task\00000000000000F3.xml,
244,00000000000000f4,Thảo Nguyên Anh Hùng,Nhiệm vụ chính tuyến,linear,1,Phó Thủ Lĩnh Thương Đội,Stories\task_publish\task\00000000000000F4.xml,
245,00000000000000f5,Sứ Giả Kim Quốc,Nhiệm vụ chính tuyến,linear,1,Thư Đồng,Stories\task_publish\task\00000000000000F5.xml,
246,00000000000000f6,Cố Liêu Kỳ Tài,Nhiệm vụ chính tuyến,linear,1,Triệu Nhữ Nhu,Stories\task_publish\task\00000000000000F6.xml,
247,00000000000000f7,Công Phòng Tính Cử,Nhiệm vụ chính tuyến,linear,1,Triệu Nhữ Nhu,Stories\task_publish\task\00000000000000F7.xml,
248,00000000000000f8,Giới Hào Phương Bắc,Nhiệm vụ chính tuyến,linear,1,Gián Điệp Đại Tống,Stories\task_publish\task\00000000000000F8.xml,
249,00000000000000f9,Phân Tiến Hợp Kích,Nhiệm vụ chính tuyến,linear,1,Triệu Nhữ Nhu,Stories\task_publish\task\00000000000000F9.xml,
250,00000000000000fa,Kỵ Binh Dũng Mãnh,Nhiệm vụ chính tuyến,linear,1,Triệu Nhữ Nhu,Stories\task_publish\task\00000000000000FA.xml,
251,00000000000000fb,Hạ Chủ Hoàn Tông,Nhiệm vụ chính tuyến,linear,1,Triệu Nhữ Nhu,Stories\task_publish\task\00000000000000FB.xml,
252,00000000000000fc,Dã Tâm To Lớn,Nhiệm vụ chính tuyến,linear,1,Hô Diên Lực,Stories\task_publish\task\00000000000000FC.xml,
253,00000000000000fd,Trấn Di quận vương,Nhiệm vụ chính tuyến,linear,1,Giang Hồng Linh,Stories\task_publish\task\00000000000000FD.xml,
254,00000000000000fe,Lệ Binh Mạt Mã,Nhiệm vụ chính tuyến,linear,1,Hô Diên Lực,Stories\task_publish\task\00000000000000FE.xml,
255,00000000000000ff,Thu Phục Mã Tặc,Nhiệm vụ chính tuyến,linear,1,Giang Hồng Linh,Stories\task_publish\task\00000000000000FF.xml,
256,0000000000000100,Yêu Đạo Huyền Hiệp,Nhiệm vụ chính tuyến,linear,1,Giang Hồng Linh,Stories\task_publish\task\0000000000000100.xml,
257,0000000000000101,Nhân Sinh Vô Thường,Nhiệm vụ chính tuyến,linear,1,Thư Đồng,Stories\task_publish\task\0000000000000101.xml,
258,0000000000000102,Biên Quản Đạo Châu,Nhiệm vụ chính tuyến,linear,1,Thư Đồng,Stories\task_publish\task\0000000000000102.xml,
259,0000000000000103,Biên Luyện Sứ,Nhiệm vụ chính tuyến,linear,1,Hoàng Phù Bân [Biên Luyện Sứ],Stories\task_publish\task\0000000000000103.xml,
260,0000000000000104,Binh Huyết,Nhiệm vụ chính tuyến,linear,1,Thị Vệ Lưu Ngũ,Stories\task_publish\task\0000000000000104.xml,
261,0000000000000105,Doanh Tiêu,Nhiệm vụ chính tuyến,linear,1,Hoàng Phù Bân [Biên Luyện Sứ],Stories\task_publish\task\0000000000000105.xml,
262,0000000000000106,Vũ Tiết Lang,Nhiệm vụ chính tuyến,linear,1,Hoàng Phù Bân [Biên Luyện Sứ],Stories\task_publish\task\0000000000000106.xml,
263,0000000000000107,Diệu Kế Bổ Đạo,Nhiệm vụ chính tuyến,linear,1,Tất Tái Ngộ,Stories\task_publish\task\0000000000000107.xml,
264,0000000000000108,Lấy Một Địch Trăm,Nhiệm vụ chính tuyến,linear,1,Tất Tái Ngộ,Stories\task_publish\task\0000000000000108.xml,
265,0000000000000109,Dũng Sĩ Hứa Tuấn,Nhiệm vụ chính tuyến,linear,1,Tất Tái Ngộ,Stories\task_publish\task\0000000000000109.xml,
266,000000000000010a,Vong Mệnh Chi Đồ,Nhiệm vụ chính tuyến,linear,1,Tất Tái Ngộ,Stories\task_publish\task\000000000000010A.xml,
267,000000000000010b,Chung Hữu Nhất Tử,Nhiệm vụ chính tuyến,linear,1,Tất Tái Ngộ,Stories\task_publish\task\000000000000010B.xml,
268,000000000000010c,Túi Quân Hưởng (Cấp 90),Nhiệm vụ chính tuyến,linear,1,Từ Tường Nga [<color=green>Quan Quân Nhu<color>],Stories\task_publish\task\000000000000010C.xml,
269,000000000000010d,Thủ Lĩnh Lâu La,Nhiệm vụ chính tuyến,linear,1,Tô Nam [<color=green>Trinh sát<color>],Stories\task_publish\task\000000000000010D.xml,
270,000000000000010e,Thủ Lĩnh Giám Công,Nhiệm vụ chính tuyến,linear,1,Ngụy Tiến Đức [<color=green>Trinh sát<color>],Stories\task_publish\task\000000000000010E.xml,
271,000000000000010f,Thợ Cả,Nhiệm vụ chính tuyến,linear,1,Dư Anh Nam [<color=green>Trinh sát<color>],Stories\task_publish\task\000000000000010F.xml,
272,0000000000000110,Thợ Săn Dã Nhân,Nhiệm vụ chính tuyến,linear,1,Hồng Hỉ [<color=green>Trinh sát<color>],Stories\task_publish\task\0000000000000110.xml,
273,0000000000000111,Trừng Trị Giám Công,Nhiệm vụ chính tuyến,linear,1,Nguyễn Chinh [<color=green>Trinh sát<color>],Stories\task_publish\task\0000000000000111.xml,
274,0000000000000112,Bạo Lực Man Diên,Nhiệm vụ chính tuyến,linear,1,Chu Học Tuệ [<color=green>Trinh sát<color>],Stories\task_publish\task\0000000000000112.xml,
275,0000000000000113,Quân Doanh Bổ Cấp,Nhiệm vụ chính tuyến,linear,1,Vương Nhân Hổ [<color=green>Trinh sát<color>],Stories\task_publish\task\0000000000000113.xml,
276,0000000000000114,Bức Thư Nhà,Nhiệm vụ chính tuyến,linear,1,Triệu Lâm [<color=green>Trinh sát<color>],Stories\task_publish\task\0000000000000114.xml,
277,0000000000000115,Diệt Trừ Chuột Núi,Nhiệm vụ chính tuyến,linear,1,Chu Đồng [<color=green>Trinh sát<color>],Stories\task_publish\task\0000000000000115.xml,
278,0000000000000116,Hái Thuốc,Nhiệm vụ chính tuyến,linear,1,Đinh Thiều [<color=green>Trinh sát<color>],Stories\task_publish\task\0000000000000116.xml,
279,0000000000000117,Tìm Nghĩa Quân,Nhiệm vụ chính tuyến,linear,1,Lâm Vũ [<color=green>Trinh sát<color>],Stories\task_publish\task\0000000000000117.xml,
280,0000000000000118,Câu Cá,Nhiệm vụ chính tuyến,linear,1,Lữ Tổ Nam [<color=green>Trinh sát<color>],Stories\task_publish\task\0000000000000118.xml,
281,0000000000000119,Tuyết Hồn Châu,Nhiệm vụ chính tuyến,linear,1,Vân Nhị Đao [<color=green>Khoái Đao Môn<color>],Stories\task_publish\task\0000000000000119.xml,
282,000000000000011a,Chi Lan,Nhiệm vụ chính tuyến,linear,1,Vân Tam Đao [<color=green>Khoái Đao Môn<color>],Stories\task_publish\task\000000000000011A.xml,
283,000000000000011b,Bạch Cốt Chùy,Nhiệm vụ chính tuyến,linear,1,Vân Tứ Đao [<color=green>Khoái Đao Môn<color>],Stories\task_publish\task\000000000000011B.xml,
284,000000000000011c,Tiền Xu Cổ,Nhiệm vụ chính tuyến,linear,1,Vân Ngũ Đao [<color=green>Khoái Đao Môn<color>],Stories\task_publish\task\000000000000011C.xml,
285,000000000000011d,Tim Cá Sấu Chúa,Nhiệm vụ chính tuyến,linear,1,Vân Lục Đao [<color=green>Khoái Đao Môn<color>],Stories\task_publish\task\000000000000011D.xml,
286,000000000000011e,Hoa Tặc,Nhiệm vụ chính tuyến,linear,1,Chu Do Mộ [<color=green>Tiêu Binh<color>],Stories\task_publish\task\000000000000011E.xml,
287,000000000000011f,Nhị Đương Gia,Nhiệm vụ chính tuyến,linear,1,Lăng Hỗn [<color=green>Tiêu Binh<color>],Stories\task_publish\task\000000000000011F.xml,
288,0000000000000120,Trừng Phạt,Nhiệm vụ chính tuyến,linear,1,Chu Văn [<color=green>Tiêu Binh<color>],Stories\task_publish\task\0000000000000120.xml,
289,0000000000000121,Tiên Nhũ Linh Thạch,Nhiệm vụ chính tuyến,linear,1,Vân Thất Đao [<color=green>Khoái Đao Môn<color>],Stories\task_publish\task\0000000000000121.xml,
290,0000000000000122,Luyện Võ (Sơ),Nhiệm vụ chính tuyến,linear,1,Thời Tái Hưng [<color=green>Phó Tướng<color>],Stories\task_publish\task\0000000000000122.xml,
291,0000000000000123,Gặp Họa,Nhiệm vụ chính tuyến,linear,1,Bạch Thu Lâm [<color=green>Thủ Lĩnh Nghĩa Quân<color>],Stories\task_publish\task\0000000000000123.xml,
292,0000000000000124,Nghìn Cân Treo Sợi Tóc,Nhiệm vụ chính tuyến,linear,1,Đậu Hạo [<color=green>Môn chủ Trường Ca Môn<color>],Stories\task_publish\task\0000000000000124.xml,
293,0000000000000125,Lang Bạt Kỳ Hồ,Nhiệm vụ chính tuyến,linear,1,Bạch Thu Lâm [<color=green>Thủ Lĩnh Nghĩa Quân<color>],Stories\task_publish\task\0000000000000125.xml,
294,0000000000000126,Man Thiên Quá Hải,Nhiệm vụ chính tuyến,linear,1,Bạch Thu Lâm [<color=green>Thủ Lĩnh Nghĩa Quân<color>],Stories\task_publish\task\0000000000000126.xml,
295,0000000000000127,Tại Thủy Nhất Phương,Nhiệm vụ chính tuyến,linear,1,Bạch Thu Lâm [<color=green>Thủ Lĩnh Nghĩa Quân<color>],Stories\task_publish\task\0000000000000127.xml,
296,0000000000000128,Mưa Thuận Gió Hòa,Nhiệm vụ chính tuyến,linear,1,Chu Hy,Stories\task_publish\task\0000000000000128.xml,
297,0000000000000129,Nhiệm Trọng Đạo Viễn,Nhiệm vụ chính tuyến,linear,1,Hồ Lệ Nương,Stories\task_publish\task\0000000000000129.xml,
298,000000000000012a,Ám Lưu Dũng Động,Nhiệm vụ chính tuyến,linear,1,Bạch Thu Lâm [<color=green>Thủ Lĩnh Nghĩa Quân<color>],Stories\task_publish\task\000000000000012A.xml,
299,000000000000012b,Thập Vạn Hỏa Cấp,Nhiệm vụ chính tuyến,linear,1,Đậu Hạo [<color=green>Môn chủ Trường Ca Môn<color>],Stories\task_publish\task\000000000000012B.xml,
300,000000000000012c,Binh Nhung Tương Kiến,Nhiệm vụ chính tuyến,linear,1,Đậu Hạo [<color=green>Môn chủ Trường Ca Môn<color>],Stories\task_publish\task\000000000000012C.xml,
301,000000000000012d,Túy Tăng,Nhiệm vụ chính tuyến,linear,1,Đào Tử,Stories\task_publish\task\000000000000012D.xml,
302,000000000000012e,Luyện Võ (Trung),Nhiệm vụ chính tuyến,linear,1,Thời Tái Hưng [<color=green>Phó Tướng<color>],Stories\task_publish\task\000000000000012E.xml,
303,000000000000012f,Tiền Tiêu,Nhiệm vụ chính tuyến,linear,1,Bạch Thu Lâm [<color=green>Thủ Lĩnh Nghĩa Quân<color>],Stories\task_publish\task\000000000000012F.xml,
304,0000000000000130,Trùng Dương Cố Cư,Nhiệm vụ chính tuyến,linear,1,Long Ngũ Thái Gia [<color=green>Nguyên Lão Nghĩa Quân<color>],Stories\task_publish\task\0000000000000130.xml,
305,0000000000000131,Tiêu Diệt Hắc Phong Trại,Nhiệm vụ chính tuyến,linear,1,Vương Đại Khả [Thủ Lĩnh Nghĩa Quân],Stories\task_publish\task\0000000000000131.xml,
306,0000000000000132,Đại Vũ Đài,Nhiệm vụ chính tuyến,linear,1,Trương Xích Thành [Thủ Lĩnh Nghĩa Quân],Stories\task_publish\task\0000000000000132.xml,
307,0000000000000133,Phục Ngưu Sơn Trang,Nhiệm vụ chính tuyến,linear,1,Bạch Thu Lâm [<color=green>Thủ Lĩnh Nghĩa Quân<color>],Stories\task_publish\task\0000000000000133.xml,
308,0000000000000134,Thế Chân Vạc,Nhiệm vụ chính tuyến,linear,1,Lý Thiên Khoa [Thủ Lĩnh Nghĩa Quân],Stories\task_publish\task\0000000000000134.xml,
309,0000000000000135,Thần Thú Xi Vưu,Nhiệm vụ chính tuyến,linear,1,Long Ngũ Thái Gia [<color=green>Nguyên Lão Nghĩa Quân<color>],Stories\task_publish\task\0000000000000135.xml,
310,0000000000000136,Nội Gián,Nhiệm vụ chính tuyến,linear,1,Lý Thiên Chính [Thủ Lĩnh Nghĩa Quân],Stories\task_publish\task\0000000000000136.xml,"Tỏa Vân Uyên là một nơi bí mật đến nỗi phần lớn bá tánh không biết đến sự tồn tại của nơi này, chỉ nghĩ nơi đây nhốt trọng phạm triều đình. Nhưng gần đây xảy ra một việc làm triều đình vô cùng lo ngại..."
311,0000000000000137,Vụ Mất Tích Bí Ẩn,Nhiệm vụ chính tuyến,linear,1,Lư Khải Quang [Thủ Lĩnh Nghĩa Quân],Stories\task_publish\task\0000000000000137.xml,
312,0000000000000138,Trộm Đêm,Nhiệm vụ chính tuyến,linear,1,Bạch Thu Lâm [<color=green>Thủ Lĩnh Nghĩa Quân<color>],Stories\task_publish\task\0000000000000138.xml,
313,0000000000000139,Tuyệt Sát Chi Kiếp,Nhiệm vụ chính tuyến,linear,1,Bạch Thu Lâm [<color=green>Thủ Lĩnh Nghĩa Quân<color>],Stories\task_publish\task\0000000000000139.xml,
314,000000000000013a,Phương Thảo Mê Tung,Nhiệm vụ chính tuyến,linear,1,Bạch Thu Lâm [<color=green>Thủ Lĩnh Nghĩa Quân<color>],Stories\task_publish\task\000000000000013A.xml,
315,000000000000013b,Thâm Nhập Cổ Huyệt,Nhiệm vụ chính tuyến,linear,1,La Tuyết,Stories\task_publish\task\000000000000013B.xml,
316,000000000000013c,Cổ Thuật Thần Bí,Nhiệm vụ chính tuyến,linear,1,La Tuyết,Stories\task_publish\task\000000000000013C.xml,
317,000000000000013d,Cải Tử Hồi Sinh,Nhiệm vụ chính tuyến,linear,1,Linh Động Quỷ Mẫu,Stories\task_publish\task\000000000000013D.xml,
318,000000000000013e,Hổ Khẩu Lịch Hiểm,Nhiệm vụ chính tuyến,linear,1,La Tuyết,Stories\task_publish\task\000000000000013E.xml,
319,000000000000013f,Trừng Trị Tham Quan,Nhiệm vụ chính tuyến,linear,1,La Tuyết,Stories\task_publish\task\000000000000013F.xml,
320,0000000000000140,Phong Vũ Tiền Dạ,Nhiệm vụ chính tuyến,linear,1,Đoàn Trí Hưng,Stories\task_publish\task\0000000000000140.xml,
321,0000000000000141,Ô Man Chi Chướng,Nhiệm vụ chính tuyến,linear,1,Đoàn Trí Tường,Stories\task_publish\task\0000000000000141.xml,
322,0000000000000142,Bỉ Ngạn Phương Hoa,Nhiệm vụ chính tuyến,linear,1,Đoàn Trí Hưng,Stories\task_publish\task\0000000000000142.xml,
323,0000000000000143,Mật thám Tát Mãn Giáo,Nhiệm vụ chính tuyến,linear,1,Long Ngũ Thái Gia [<color=green>Nguyên Lão Nghĩa Quân<color>],Stories\task_publish\task\0000000000000143.xml,
324,0000000000000144,Hắc Mễ Oa Oa,Nhiệm vụ chính tuyến,linear,1,Hứa Tam Quan [<color=green>Phó Tướng<color>],Stories\task_publish\task\0000000000000144.xml,
325,0000000000000145,Thu Thí Văn Khảo,Nhiệm vụ chính tuyến,linear,1,Chu Tốn,Stories\task_publish\task\0000000000000145.xml,
326,0000000000000146,Tình Ý Vô Giá,Nhiệm vụ chính tuyến,linear,1,Thu Minh Chí,Stories\task_publish\task\0000000000000146.xml,
327,0000000000000147,Thiện Ác Hữu Báo,Nhiệm vụ chính tuyến,linear,1,Thôi Thái Y,Stories\task_publish\task\0000000000000147.xml,
328,0000000000000148,Giải Cứu Thương Khách,Nhiệm vụ chính tuyến,linear,1,Chủ Thương Hội,Stories\task_publish\task\0000000000000148.xml,
329,0000000000000149,Khương Thị Phụ Tử,Nhiệm vụ chính tuyến,linear,1,Tang Đại Nương,Stories\task_publish\task\0000000000000149.xml,
330,000000000000014a,Thử Hận Miên Miên,Nhiệm vụ chính tuyến,linear,1,Đường Hạc,Stories\task_publish\task\000000000000014A.xml,
331,000000000000014b,Lòng Người Khó Lường,Nhiệm vụ chính tuyến,linear,1,Trâu Khang,Stories\task_publish\task\000000000000014B.xml,
332,000000000000014c,Cẩm Nang Thần Bí,Nhiệm vụ chính tuyến,linear,1,Long Ngũ Thái Gia [<color=green>Nguyên Lão Nghĩa Quân<color>],Stories\task_publish\task\000000000000014C.xml,
333,000000000000014d,Cổ Họa (Hằng ngày - Sơ),Nhiệm vụ quân doanh,linear,1,Chung Minh Trì Mộ [<color=green>Đặc sứ Đại Lý<color>],Stories\task_publish\task\000000000000014D.xml,
334,000000000000014e,Cổ Họa (Hằng ngày),Nhiệm vụ quân doanh,linear,1,Chung Minh Trì Mộ [<color=green>Đặc sứ Đại Lý<color>],Stories\task_publish\task\000000000000014E.xml,"Năm đầu An Định, Đại Lý bạo loạn, Quỷ Chủ 72 trại Ô Man tuyên bố phản đối sự thống trị của Bạch Man, muốn được độc lập. Đoàn Trí Hưng xuất binh dẹp loạn, nhưng lại bị thua bởi Cổ Thuật của Ô Man. Cổ T..."
335,000000000000014f,Cấm Địa (Sơ),Nhiệm vụ chính tuyến,linear,1,Tuyết Vũ Hồng Phi [<color=green>Người trông nom<color>],Stories\task_publish\task\000000000000014F.xml,
336,0000000000000150,Cấm Địa (trung),Nhiệm vụ chính tuyến,linear,1,Tuyết Vũ Hồng Phi [<color=green>Người trông nom<color>],Stories\task_publish\task\0000000000000150.xml,
337,0000000000000151,Cổ Họa (Chính tuyến - Sơ),Nhiệm vụ quân doanh,linear,1,Chung Minh Trì Mộ [<color=green>Đặc sứ Đại Lý<color>],Stories\task_publish\task\0000000000000151.xml,"Năm đầu An Định, Đại Lý bạo loạn, Quỷ Chủ 72 trại Ô Man tuyên bố phản đối sự thống trị của Bạch Man, muốn được độc lập. Đoàn Trí Hưng xuất binh dẹp loạn, nhưng lại bị thua bởi Cổ Thuật của Ô Man. Cổ T..."
338,0000000000000152,Cổ Họa (Chính tuyến),Nhiệm vụ quân doanh,linear,1,Chung Minh Trì Mộ [<color=green>Đặc sứ Đại Lý<color>],Stories\task_publish\task\0000000000000152.xml,
339,0000000000000153,"""Bách Xích Kinh""",Nhiệm vụ chính tuyến,linear,1,Bạch Thu Lâm [<color=green>Thủ Lĩnh Nghĩa Quân<color>],Stories\task_publish\task\0000000000000153.xml,
340,0000000000000154,Võ Mục Di Thư (cấp 110),Nhiệm vụ chính tuyến,linear,1,Từ Tường Nga [<color=green>Quan Quân Nhu<color>],Stories\task_publish\task\0000000000000154.xml,
341,0000000000000155,Quỷ Cốc Đạo Thuật (cấp 110),Nhiệm vụ chính tuyến,linear,1,Thiên Cơ Tử [<color=green>Cơ Quan Đại Sư<color>],Stories\task_publish\task\0000000000000155.xml,
342,0000000000000156,Chúc tết,Nhiệm vụ chính tuyến,linear,1,Bạch Thu Lâm [<color=green>Thủ Lĩnh Nghĩa Quân<color>],Stories\task_publish\task\0000000000000156.xml,
343,0000000000000157,Túi Quân Hưởng (cấp 110),Nhiệm vụ chính tuyến,linear,1,Từ Tường Nga [<color=green>Quan Quân Nhu<color>],Stories\task_publish\task\0000000000000157.xml,
344,0000000000000158,Sư Đồ Truyền Công,Nhiệm vụ chính tuyến,linear,1,Diệp Chỉ Lâm,Stories\task_publish\task\0000000000000158.xml,
345,0000000000000159,Nghi Chủng - Đồng Đội,Nhiệm vụ chính tuyến,linear,1,Bia đá lâu năm,Stories\task_publish\task\0000000000000159.xml,"Tay sờ lên bia đá lạnh buốt, bên trên có khắc vài chữ hơi mờ, hình như chủ nhân của ngôi mộ này là thương nhân Đào Chu Công Phạm Lãi nổi tiếng cuối thời Xuân Thu Chiến Quốc. Giang hồ đồn rằng, trước k..."
346,000000000000015a,Người Mất Tích - đồng đội,Nhiệm vụ chính tuyến,linear,1,Bia đá lâu năm,Stories\task_publish\task\000000000000015A.xml,"Trước cổng cổ thành có một bia đá cũ, những chữ trên đó bị gió sa mạc mài mòn loang lổ, dường như ghi lại câu chuyện một thời của thành này. Không thể biết chuyện gì đã xảy ra từ những dòng chữ này, n..."
347,000000000000015b,Trốn Chạy - đồng đội,Nhiệm vụ chính tuyến,linear,1,Lý Hương Lan [<color=orange>Tham Lý Thiên Quỳnh Cung<color>],Stories\task_publish\task\000000000000015B.xml,"Lúc đầu, Lý Hậu theo cách Võ Tắc Thiên tự lập bức hại con nối dõi của Quang Tông, tại Phi Long Cốc, thái tử được Phi Long tiên sinh đưa đến trốn ở Thiên Quỳnh Cung. Không ngờ, nhị đệ tử Lãnh Sương Nhi..."
348,000000000000015c,Túy Tăng - đồng đội,Nhiệm vụ chính tuyến,linear,1,Đào Tử,Stories\task_publish\task\000000000000015C.xml,
349,000000000000015d,Trở Lại,Nhiệm vụ chính tuyến,linear,1,Lễ Quan,Stories\task_publish\task\000000000000015D.xml,
350,000000000000015e,Giúp Bằng Hữu Trở Lại,Nhiệm vụ chính tuyến,linear,1,Lễ Quan,Stories\task_publish\task\000000000000015E.xml,
351,000000000000015f,Hướng Dẫn Tranh Đoạt Lãnh Thổ,Nhiệm vụ chính tuyến,linear,1,Chiêu Mộ Quan [<color=green>Tranh đoạt lãnh thổ<color>],Stories\task_publish\task\000000000000015F.xml,
352,0000000000000160,Du Long Kinh Phượng,Nhiệm vụ chính tuyến,linear,10,Bạch Thu Lâm [<color=green>Thủ Lĩnh Nghĩa Quân<color>],Stories\task_publish\task\0000000000000160.xml,
353,0000000000000161,Bố Y Tình,Nhiệm vụ chính tuyến,linear,1,Thẩm Hà Diệp [<color=green>Chủ Tiệm Phòng Cụ<color>],Stories\task_publish\task\0000000000000161.xml,
354,0000000000000162,Lão Từ Sám Hối,Nhiệm vụ chính tuyến,linear,1,Lão Từ,Stories\task_publish\task\0000000000000162.xml,
355,0000000000000163,Kim Lô Chùy,Nhiệm vụ chính tuyến,linear,1,Long Ngũ Thái Gia [<color=green>Nguyên Lão Nghĩa Quân<color>],Stories\task_publish\task\0000000000000163.xml,
356,0000000000000164,Tâm Ý Người Say,Nhiệm vụ chính tuyến,linear,1,Tháp Lạp,Stories\task_publish\task\0000000000000164.xml,
357,0000000000000165,Mong Bình An,Nhiệm vụ chính tuyến,linear,1,Kim Xuyên,Stories\task_publish\task\0000000000000165.xml,
358,0000000000000166,Hồ Tiên Chú,Nhiệm vụ chính tuyến,linear,1,Thượng Quan Triết,Stories\task_publish\task\0000000000000166.xml,
359,0000000000000167,Kẻ Khờ Yêu,Nhiệm vụ chính tuyến,linear,1,Tiểu Hy,Stories\task_publish\task\0000000000000167.xml,
360,0000000000000168,Cứu Đan Bích Tú,Nhiệm vụ chính tuyến,linear,1,Đan Bích Tú,Stories\task_publish\task\0000000000000168.xml,
361,0000000000000169,Áo Ấm Mùa Đông,Nhiệm vụ chính tuyến,linear,1,Ông của Tiểu Kha,Stories\task_publish\task\0000000000000169.xml,
362,000000000000016a,Sinh Tử Tương Giao,Nhiệm vụ chính tuyến,linear,1,Bạch Thu Lâm [<color=green>Thủ Lĩnh Nghĩa Quân<color>],Stories\task_publish\task\000000000000016A.xml,
363,000000000000016b,Hải Lăng Vương Mộ-Chính tuyến (cấp 90),Nhiệm vụ quân doanh,linear,1,Thần Tiêu [<color=green>Long Ngũ Thái Gia Thân Truyền Đệ Tử<color>],Stories\task_publish\task\000000000000016B.xml,
364,000000000000016c,Hải Lăng Vương Mộ-Hằng ngày (cấp 90),Nhiệm vụ quân doanh,linear,1,Thần Tiêu [<color=green>Long Ngũ Thái Gia Thân Truyền Đệ Tử<color>],Stories\task_publish\task\000000000000016C.xml,
365,000000000000016d,Hải Lăng Vương Mộ-Chính tuyến  (cấp 110),Nhiệm vụ quân doanh,linear,1,Thần Tiêu [<color=green>Long Ngũ Thái Gia Thân Truyền Đệ Tử<color>],Stories\task_publish\task\000000000000016D.xml,
366,000000000000016e,Hải Lăng Vương Mộ-Hằng ngày (cấp 110),Nhiệm vụ quân doanh,linear,1,Thần Tiêu [<color=green>Long Ngũ Thái Gia Thân Truyền Đệ Tử<color>],Stories\task_publish\task\000000000000016E.xml,
367,000000000000016f,Hải Lăng Vương Mộ (Chính tuyến),Nhiệm vụ quân doanh,linear,1,Thần Tiêu [<color=green>Long Ngũ Thái Gia Thân Truyền Đệ Tử<color>],Stories\task_publish\task\000000000000016F.xml,
368,0000000000000170,Hải Lăng Vương Mộ (Hằng ngày),Nhiệm vụ quân doanh,linear,1,Thần Tiêu [<color=green>Long Ngũ Thái Gia Thân Truyền Đệ Tử<color>],Stories\task_publish\task\0000000000000170.xml,
369,0000000000000171,Bàn Cờ Tướng (cấp 90),Nhiệm vụ chính tuyến,linear,1,Mộc Sấm [<color=green>Truyền Tống Quân Doanh<color>],Stories\task_publish\task\0000000000000171.xml,
370,0000000000000172,Bàn Cờ Tướng (cấp 110),Nhiệm vụ chính tuyến,linear,1,Mộc Sấm [<color=green>Truyền Tống Quân Doanh<color>],Stories\task_publish\task\0000000000000172.xml,
371,0000000000000173,Bàn Cờ Tướng (cấp 130),Nhiệm vụ chính tuyến,linear,1,Mộc Sấm [<color=green>Truyền Tống Quân Doanh<color>],Stories\task_publish\task\0000000000000173.xml,
372,0000000000000174,Ảo Ảnh (cấp 90),Nhiệm vụ chính tuyến,linear,1,Điền Ích [<color=green>Truyền Tống Quân Doanh<color>],Stories\task_publish\task\0000000000000174.xml,
373,0000000000000175,Ảo Ảnh (cấp 110),Nhiệm vụ chính tuyến,linear,1,Điền Ích [<color=green>Truyền Tống Quân Doanh<color>],Stories\task_publish\task\0000000000000175.xml,
374,0000000000000176,Ảo Ảnh (cấp 130),Nhiệm vụ chính tuyến,linear,1,Điền Ích [<color=green>Truyền Tống Quân Doanh<color>],Stories\task_publish\task\0000000000000176.xml,
375,0000000000000177,Truy Bắt Lưu Nhất Bán (cấp 90),Nhiệm vụ chính tuyến,linear,1,Tái Tông Sư [<color=green>Truyền Tống Quân Doanh<color>],Stories\task_publish\task\0000000000000177.xml,
376,0000000000000178,Truy Bắt Lưu Nhất Bán (cấp 110),Nhiệm vụ chính tuyến,linear,1,Tái Tông Sư [<color=green>Truyền Tống Quân Doanh<color>],Stories\task_publish\task\0000000000000178.xml,
377,0000000000000179,Truy Bắt Lưu Nhất Bán (cấp 130),Nhiệm vụ chính tuyến,linear,1,Tái Tông Sư [<color=green>Truyền Tống Quân Doanh<color>],Stories\task_publish\task\0000000000000179.xml,
378,000000000000017a,Binh Pháp 36 Kế (cấp 130),Nhiệm vụ chính tuyến,linear,1,Từ Tường Nga [<color=green>Quan Quân Nhu<color>],Stories\task_publish\task\000000000000017A.xml,
379,000000000000017b,Khuyết Nhất Môn (cấp 130),Nhiệm vụ chính tuyến,linear,1,Thiên Cơ Tử [<color=green>Cơ Quan Đại Sư<color>],Stories\task_publish\task\000000000000017B.xml,
380,000000000000017c,Túi Quân Hưởng (cấp 130),Nhiệm vụ chính tuyến,linear,1,Từ Tường Nga [<color=green>Quan Quân Nhu<color>],Stories\task_publish\task\000000000000017C.xml,
381,000000000000017d,Thám Thính Quân Doanh,Nhiệm vụ chính tuyến,linear,1,Từ Tường Nga [<color=green>Quan Quân Nhu<color>],Stories\task_publish\task\000000000000017D.xml,
382,000000000000017e,Giang Sơn Bắc Vọng,Nhiệm vụ chính tuyến,linear,10,Bạch Thu Lâm [<color=green>Thủ Lĩnh Nghĩa Quân<color>],Stories\task_publish\task\000000000000017E.xml,
383,000000000000017f,Nhiệm vụ Thiên Vương (cấp 20),Nhiệm vụ chính tuyến,linear,1,Hùng Đỉnh,Stories\task_publish\task\000000000000017F.xml,
384,0000000000000180,Nhiệm vụ Cái Bang (cấp 20),Nhiệm vụ chính tuyến,linear,1,Lãnh Thu Vân,Stories\task_publish\task\0000000000000180.xml,
385,0000000000000181,Nhiệm vụ Ngũ Độc (cấp 20),Nhiệm vụ chính tuyến,linear,1,Hàn Phá Sơn,Stories\task_publish\task\0000000000000181.xml,
386,0000000000000182,Nhiệm vụ Côn Lôn (cấp 20),Nhiệm vụ chính tuyến,linear,1,Gia Cát Trác Vân,Stories\task_publish\task\0000000000000182.xml,
387,0000000000000183,Nhiệm vụ Võ Đang (cấp 20),Nhiệm vụ chính tuyến,linear,1,Lộ Hiểu Nhiên,Stories\task_publish\task\0000000000000183.xml,
388,0000000000000184,Nhiệm vụ Thiếu Lâm (cấp 20),Nhiệm vụ chính tuyến,linear,1,Trừng Quang,Stories\task_publish\task\0000000000000184.xml,
389,0000000000000185,Nhiệm vụ Thiên Nhẫn (cấp 20),Nhiệm vụ chính tuyến,linear,1,Đoan Mộc Duệ,Stories\task_publish\task\0000000000000185.xml,
390,0000000000000186,Nhiệm vụ Nga My (cấp 20),Nhiệm vụ chính tuyến,linear,1,Lăng Phong Nhạn,Stories\task_publish\task\0000000000000186.xml,
391,0000000000000187,Nhiệm vụ Đường Môn (cấp 20),Nhiệm vụ chính tuyến,linear,1,Đường Ngộ,Stories\task_publish\task\0000000000000187.xml,
392,0000000000000188,Nhiệm vụ Thúy Yên (cấp 20),Nhiệm vụ chính tuyến,linear,1,Vinh Giảo Giảo,Stories\task_publish\task\0000000000000188.xml,
393,0000000000000189,Nhiệm vụ Minh Giáo (cấp 20),Nhiệm vụ chính tuyến,linear,1,Tạ Thư Dung,Stories\task_publish\task\0000000000000189.xml,
394,000000000000018a,Nhiệm vụ Đoàn Thị (cấp 20),Nhiệm vụ chính tuyến,linear,1,Cao Vệ Bích,Stories\task_publish\task\000000000000018A.xml,
395,000000000000018b,Tào Bang Nghị Sự,Nhiệm vụ chính tuyến,linear,1,Ân Bốc Nguyên [Bang Chủ Tào Bang],Stories\task_publish\task\000000000000018B.xml,
396,000000000000018c,Hủ Thực Chi Chủng,Nhiệm vụ chính tuyến,linear,1,Long Ngũ Thái Gia [<color=green>Nguyên Lão Nghĩa Quân<color>],Stories\task_publish\task\000000000000018C.xml,
397,000000000000018d,Diêm Bang Hành,Nhiệm vụ chính tuyến,linear,1,Ninh Chí Phiêu [Bang chủ Diêm Bang],Stories\task_publish\task\000000000000018D.xml,
398,000000000000018e,Tụ Hiền Đại Hội,Nhiệm vụ chính tuyến,linear,1,Hoàng Thường [<color=green>Đặc sứ Võ Lâm Minh Chủ<color>],Stories\task_publish\task\000000000000018E.xml,
399,000000000000018f,Thảo Nguyên Hùng Ưng,Nhiệm vụ chính tuyến,linear,1,Bạch Thu Lâm [<color=green>Thủ Lĩnh Nghĩa Quân<color>],Stories\task_publish\task\000000000000018F.xml,
400,0000000000000190,Mãn Giang Hồng,Nhiệm vụ chính tuyến,linear,1,Nhạc Khả Sơn,Stories\task_publish\task\0000000000000190.xml,
401,0000000000000191,Ma Y Dự Ngôn,Nhiệm vụ chính tuyến,linear,1,Long Ngũ Thái Gia [<color=green>Nguyên Lão Nghĩa Quân<color>],Stories\task_publish\task\0000000000000191.xml,
402,0000000000000192,Mã Bang Hành,Nhiệm vụ chính tuyến,linear,1,Miết Lạp Tra [Bang chủ Mã Bang],Stories\task_publish\task\0000000000000192.xml,
403,0000000000000193,Khiêu Hà Tử,Nhiệm vụ chính tuyến,linear,1,Bạch Thu Lâm [<color=green>Thủ Lĩnh Nghĩa Quân<color>],Stories\task_publish\task\0000000000000193.xml,
404,0000000000000194,Đúc Kiếm,Nhiệm vụ chính tuyến,linear,1,Long Ngũ Thái Gia [<color=green>Nguyên Lão Nghĩa Quân<color>],Stories\task_publish\task\0000000000000194.xml,
405,0000000000000195,Nhiệm vụ Thiên Vương (cấp 30),Nhiệm vụ chính tuyến,linear,1,Hùng Đỉnh,Stories\task_publish\task\0000000000000195.xml,
406,0000000000000196,Nhiệm vụ Cái Bang (cấp 30),Nhiệm vụ chính tuyến,linear,1,Lãnh Thu Vân,Stories\task_publish\task\0000000000000196.xml,
407,0000000000000197,Nhiệm vụ Ngũ Độc (cấp 30),Nhiệm vụ chính tuyến,linear,1,Hàn Phá Sơn,Stories\task_publish\task\0000000000000197.xml,
408,0000000000000198,Nhiệm vụ Côn Lôn (cấp 30),Nhiệm vụ chính tuyến,linear,1,Gia Cát Trác Vân,Stories\task_publish\task\0000000000000198.xml,
409,0000000000000199,Nhiệm vụ Võ Đang (cấp 30),Nhiệm vụ chính tuyến,linear,1,Lộ Hiểu Nhiên,Stories\task_publish\task\0000000000000199.xml,
410,000000000000019a,Nhiệm vụ Thiếu Lâm (cấp 30),Nhiệm vụ chính tuyến,linear,1,Trừng Quang,Stories\task_publish\task\000000000000019A.xml,
411,000000000000019b,Nhiệm vụ Thiên Nhẫn (cấp 30),Nhiệm vụ chính tuyến,linear,1,Đoan Mộc Duệ,Stories\task_publish\task\000000000000019B.xml,
412,000000000000019c,Nhiệm vụ Nga My (cấp 30),Nhiệm vụ chính tuyến,linear,1,Lăng Phong Nhạn,Stories\task_publish\task\000000000000019C.xml,
413,000000000000019d,Nhiệm vụ Đường Môn (cấp 30),Nhiệm vụ chính tuyến,linear,1,Đường Ngộ,Stories\task_publish\task\000000000000019D.xml,
414,000000000000019e,Nhiệm vụ Thúy Yên (cấp 30),Nhiệm vụ chính tuyến,linear,1,Vinh Giảo Giảo,Stories\task_publish\task\000000000000019E.xml,
415,000000000000019f,Nhiệm vụ Minh Giáo (cấp 30),Nhiệm vụ chính tuyến,linear,1,Tạ Thư Dung,Stories\task_publish\task\000000000000019F.xml,
416,00000000000001a0,Nhiệm vụ Đoàn Thị (cấp 30),Nhiệm vụ chính tuyến,linear,1,Cao Vệ Bích,Stories\task_publish\task\00000000000001A0.xml,
417,00000000000001a1,Nhiệm vụ Thiên Vương (cấp 40),Nhiệm vụ chính tuyến,linear,1,Hùng Đỉnh,Stories\task_publish\task\00000000000001A1.xml,
418,00000000000001a2,Nhiệm vụ Cái Bang (cấp 40),Nhiệm vụ chính tuyến,linear,1,Lãnh Thu Vân,Stories\task_publish\task\00000000000001A2.xml,
419,00000000000001a3,Nhiệm vụ Ngũ Độc (cấp 40),Nhiệm vụ chính tuyến,linear,1,Hàn Phá Sơn,Stories\task_publish\task\00000000000001A3.xml,
420,00000000000001a4,Nhiệm vụ Côn Lôn (cấp 40),Nhiệm vụ chính tuyến,linear,1,Gia Cát Trác Vân,Stories\task_publish\task\00000000000001A4.xml,
421,00000000000001a5,Nhiệm vụ Võ Đang (cấp 40),Nhiệm vụ chính tuyến,linear,1,Lộ Hiểu Nhiên,Stories\task_publish\task\00000000000001A5.xml,
422,00000000000001a6,Nhiệm vụ Thiếu Lâm (cấp 40),Nhiệm vụ chính tuyến,linear,1,Trừng Quang,Stories\task_publish\task\00000000000001A6.xml,
423,00000000000001a7,Nhiệm vụ Thiên Nhẫn (cấp 40),Nhiệm vụ chính tuyến,linear,1,Đoan Mộc Duệ,Stories\task_publish\task\00000000000001A7.xml,
424,00000000000001a8,Nhiệm vụ Nga My (cấp 40),Nhiệm vụ chính tuyến,linear,1,Lăng Phong Nhạn,Stories\task_publish\task\00000000000001A8.xml,
425,00000000000001a9,Nhiệm vụ Đường Môn (cấp 40),Nhiệm vụ chính tuyến,linear,1,Đường Ngộ,Stories\task_publish\task\00000000000001A9.xml,
426,00000000000001aa,Nhiệm vụ Thúy Yên (cấp 40),Nhiệm vụ chính tuyến,linear,1,Vinh Giảo Giảo,Stories\task_publish\task\00000000000001AA.xml,
427,00000000000001ab,Nhiệm vụ Minh Giáo (cấp 40),Nhiệm vụ chính tuyến,linear,1,Tạ Thư Dung,Stories\task_publish\task\00000000000001AB.xml,
428,00000000000001ac,Nhiệm vụ Đoàn Thị (cấp 40),Nhiệm vụ chính tuyến,linear,1,Cao Vệ Bích,Stories\task_publish\task\00000000000001AC.xml,
429,00000000000001ad,Hành Trình Bất Tận,Nhiệm vụ chính tuyến,linear,1,Từ Tường Nga [<color=green>Quan Quân Nhu<color>],Stories\task_publish\task\00000000000001AD.xml,
430,00000000000001ae,Kỹ năng cấp 110_Thiếu Lâm,Nhiệm vụ chính tuyến,linear,1,Tịch Huyễn [<color=green>Đệ tử tiếp dẫn Thiếu Lâm<color>],Stories\task_publish\task\00000000000001AE.xml,
431,00000000000001af,Kỹ năng cấp 110_Thiên Vương,Nhiệm vụ chính tuyến,linear,1,Bùi Viễn [<color=green>Đệ tử tiếp dẫn Thiên Vương<color>],Stories\task_publish\task\00000000000001AF.xml,
432,00000000000001b0,Kỹ năng cấp 110_Đường Môn,Nhiệm vụ chính tuyến,linear,1,Đường Tế Dân [<color=green>Đệ tử tiếp dẫn Đường Môn<color>],Stories\task_publish\task\00000000000001B0.xml,
433,00000000000001b1,Kỹ năng cấp 110_Ngũ Độc,Nhiệm vụ chính tuyến,linear,1,Biên Nhất Xuân [<color=green>Đệ tử tiếp dẫn Ngũ Độc<color>],Stories\task_publish\task\00000000000001B1.xml,
434,00000000000001b2,Kỹ năng cấp 110_Nga My,Nhiệm vụ chính tuyến,linear,1,Huyền Tịnh [<color=green>Đệ tử tiếp dẫn Nga My<color>],Stories\task_publish\task\00000000000001B2.xml,
435,00000000000001b3,Kỹ năng cấp 110_Thúy Yên,Nhiệm vụ chính tuyến,linear,1,Tô Nhã [<color=green>Đệ tử tiếp dẫn Thúy Yên<color>],Stories\task_publish\task\00000000000001B3.xml,
436,00000000000001b4,Kỹ năng cấp 110_Cái Bang,Nhiệm vụ chính tuyến,linear,1,La Tuấn [<color=green>Đệ tử Tiếp Dẫn Cái Bang<color>],Stories\task_publish\task\00000000000001B4.xml,
437,00000000000001b5,Kỹ năng cấp 110_Thiên Nhẫn,Nhiệm vụ chính tuyến,linear,1,Tạ Phi Kinh [<color=green>Đệ tử tiếp dẫn Thiên Nhẫn<color>],Stories\task_publish\task\00000000000001B5.xml,
438,00000000000001b6,Kỹ năng cấp 110_Võ Đang,Nhiệm vụ chính tuyến,linear,1,Minh Tuệ [<color=green>Đệ tử tiếp dẫn Võ Đang<color>],Stories\task_publish\task\00000000000001B6.xml,
439,00000000000001b7,Kỹ năng cấp 110_Côn Lôn,Nhiệm vụ chính tuyến,linear,1,Quy Kinh Tinh [<color=green>Đệ tử tiếp dẫn Côn Lôn<color>],Stories\task_publish\task\00000000000001B7.xml,
440,00000000000001b8,Kỹ năng cấp 110_Minh Giáo,Nhiệm vụ chính tuyến,linear,1,Đồng Lăng [<color=green>Đệ tử tiếp dẫn Minh Giáo<color>],Stories\task_publish\task\00000000000001B8.xml,
441,00000000000001b9,Kỹ năng cấp 110_Đoàn Thị,Nhiệm vụ chính tuyến,linear,1,Đoàn Tu Tịnh [<color=green>Đệ tử tiếp dẫn Đại Lý Đoàn Thị<color>],Stories\task_publish\task\00000000000001B9.xml,
442,00000000000001ba,Hừng Hực Khí Thế,Nhiệm vụ chính tuyến,linear,1,Bạch Thu Lâm [<color=green>Thủ Lĩnh Nghĩa Quân<color>],Stories\task_publish\task\00000000000001BA.xml,
443,00000000000001bb,Liên Thủy Đăng Lục,Nhiệm vụ chính tuyến,linear,1,Tất Tái Ngộ [<color=green>Đại Nguyên Soái<color>],Stories\task_publish\task\00000000000001BB.xml,
444,00000000000001bc,Dương Đông Kích Tây,Nhiệm vụ chính tuyến,linear,1,Quách Nghê,Stories\task_publish\task\00000000000001BC.xml,
445,00000000000001bd,Xả Thân Vì Nghĩa,Nhiệm vụ chính tuyến,linear,1,Tất Tái Ngộ [<color=green>Đại Nguyên Soái<color>],Stories\task_publish\task\00000000000001BD.xml,
446,00000000000001be,Như Từng Quen Biết,Nhiệm vụ chính tuyến,linear,1,Tất Tái Ngộ [<color=green>Đại Nguyên Soái<color>],Stories\task_publish\task\00000000000001BE.xml,
447,00000000000001bf,Chẳng Như Hoài Niệm,Nhiệm vụ chính tuyến,linear,1,Tất Tái Ngộ [<color=green>Đại Nguyên Soái<color>],Stories\task_publish\task\00000000000001BF.xml,
448,00000000000001c0,Tiểu Thư Họ Bạch,Nhiệm vụ chính tuyến,linear,1,Huyền Từ Đại Sư [<color=green>Trụ trì Thiếu Lâm Tự<color>],Stories\task_publish\task\00000000000001C0.xml,
449,00000000000001c1,Mối Duyên Sơn Trại,Nhiệm vụ chính tuyến,linear,1,Bạch Thu Lâm [<color=green>Bé gái nghịch ngợm<color>],Stories\task_publish\task\00000000000001C1.xml,
450,00000000000001c2,Thân Thế Mơ Hồ,Nhiệm vụ chính tuyến,linear,1,Vô Tưởng [<color=green>Khách phương xa<color>],Stories\task_publish\task\00000000000001C2.xml,
451,00000000000001c3,Du Long Tái Hiện,Nhiệm vụ chính tuyến,linear,1,Minh Dương,Stories\task_publish\task\00000000000001C3.xml,
452,00000000000001c4,Hiệp Cốt Nhu Tình,Nhiệm vụ chính tuyến,linear,1,Bạch Thu Lâm,Stories\task_publish\task\00000000000001C4.xml,
453,00000000000001c5,Tam Hoàn Trận,Nhiệm vụ chính tuyến,linear,1,Điền Phong Toàn [<color=green>Nội gián quân Tống<color>],Stories\task_publish\task\00000000000001C5.xml,
454,00000000000001c6,Vu Chi Hoặc,Nhiệm vụ chính tuyến,linear,1,Cổ Vũ Nạp Tư [<color=green>Bạch Man trưởng lão<color>],Stories\task_publish\task\00000000000001C6.xml,
455,00000000000001c7,Thâm Nhập Bí Huyệt,Nhiệm vụ chính tuyến,linear,1,Tất Tái Ngộ [<color=green>Đại Nguyên Soái<color>],Stories\task_publish\task\00000000000001C7.xml,
456,00000000000001c8,Du Long Sứ,Nhiệm vụ chính tuyến,linear,1,Từ Hương Hương [<color=green>Du Long Sứ<color>],Stories\task_publish\task\00000000000001C8.xml,
457,00000000000001c9,Thái Tổ Bí Sử,Nhiệm vụ chính tuyến,linear,1,Từ Nhiễm Nhiễm,Stories\task_publish\task\00000000000001C9.xml,
458,00000000000001ca,Ngưng Mi Xả Thân,Nhiệm vụ chính tuyến,linear,1,Vô Tưởng Sư Thái [<color=green>Chưởng Môn Nga My<color>],Stories\task_publish\task\00000000000001CA.xml,
459,00000000000001cb,Đốt Lương,Nhiệm vụ chính tuyến,linear,1,Tịnh Tâm Hòa Thượng,Stories\task_publish\task\00000000000001CB.xml,
460,00000000000001cc,Triệt Nguồn Nước,Nhiệm vụ chính tuyến,linear,1,Tần Oa [<color=green>Trại chủ Tịch Mịch Hoạch Thủy Trại<color>],Stories\task_publish\task\00000000000001CC.xml,
461,00000000000001cd,Tế Đồng,Nhiệm vụ chính tuyến,linear,1,Bạch Thu Lâm,Stories\task_publish\task\00000000000001CD.xml,
462,00000000000001ce,Tộc Hỏa Lỗ,Nhiệm vụ chính tuyến,linear,1,Thủ Khố Sứ [<color=green>Một người giữ ải<color>],Stories\task_publish\task\00000000000001CE.xml,
464,00000000000001d0,Kết Bạn Lên Đường,Nhiệm vụ chính tuyến,linear,1,Long Ngũ Thái Gia [<color=green>Nguyên Lão Nghĩa Quân<color>],Stories\task_publish\task\00000000000001D0.xml,
465,00000000000001d1,Càng Thêm Lớn Mạnh,Nhiệm vụ chính tuyến,linear,1,Long Ngũ Thái Gia [<color=green>Nguyên Lão Nghĩa Quân<color>],Stories\task_publish\task\00000000000001D1.xml,
466,00000000000001d2,Chúc Tết Năm Mới,Nhiệm vụ chính tuyến,linear,1,Bạch Thu Lâm [<color=green>Thủ Lĩnh Nghĩa Quân<color>],Stories\task_publish\task\00000000000001D2.xml,
467,00000000000001d3,Lương Duyên Tiền Định,Nhiệm vụ chính tuyến,linear,1,Hồng Di [<color=gold>Hướng dẫn Điển Lễ <color>],Stories\task_publish\task\00000000000001D3.xml,
468,00000000000001d4,"""Vô Tự Thiên Thư""",Nhiệm vụ chính tuyến,linear,1,Bạch Thu Lâm [<color=green>Thủ Lĩnh Nghĩa Quân<color>],Stories\task_publish\task\00000000000001D4.xml,
469,00000000000001d5,Tâm Nguyện,Nhiệm vụ chính tuyến,linear,1,Bạch Thu Lâm [<color=green>Thủ Lĩnh Nghĩa Quân<color>],Stories\task_publish\task\00000000000001D5.xml,
