task_id	task_name	event_family_id	coverage_tier	primary_channel	trio_owner	volume_candidate	disposition_rule	reason
1	Tứ Diện Sở Ca	EF-T0001	A	DIRECT_TRIO	tinh-xuyen	I	CORE_APPROVED	Core role from R-14 and approved volume architecture; subtask allocation remains draft.
2	Bất Ngờ	EF-T0002	A	DIRECT_TRIO	tieu-phung	I	CORE_APPROVED	Core role from R-14 and approved volume architecture; subtask allocation remains draft.
3	Mật Lâm Thâm Xứ	EF-T0003	A	WITNESS_RELAY	UNASSIGNED	OPEN	WORLD_EVENT	Preserve substantial source event independently of trio; scene owner and eligible satellite POV not selected.
4	Tình Nghĩa Khó Lưỡng Toàn	EF-NGUDOC-SEX	A	WITNESS_RELAY	UNASSIGNED	OPEN	WORLD_EVENT	Preserve substantial source event independently of trio; scene owner and eligible satellite POV not selected.
5	Chuyện Cũ Ngũ Độc	EF-NGUDOC-SEX	A	WITNESS_RELAY	UNASSIGNED	OPEN	WORLD_EVENT	Preserve substantial source event independently of trio; scene owner and eligible satellite POV not selected.
6	Tuyết Dạ Kinh Biến	EF-T0006	A	WITNESS_RELAY	UNASSIGNED	OPEN	WORLD_EVENT	Preserve substantial source event independently of trio; scene owner and eligible satellite POV not selected.
7	Thật Giả Khó Phân	EF-T0007	A	WITNESS_RELAY	UNASSIGNED	OPEN	WORLD_EVENT	Preserve substantial source event independently of trio; scene owner and eligible satellite POV not selected.
8	Trạch Tâm Nhân Hậu	EF-T0008	A	WITNESS_RELAY	UNASSIGNED	OPEN	WORLD_EVENT	Preserve substantial source event independently of trio; scene owner and eligible satellite POV not selected.
9	Thiên Mục Chi Mê	EF-T0009	A	WITNESS_RELAY	UNASSIGNED	OPEN	WORLD_EVENT	Preserve substantial source event independently of trio; scene owner and eligible satellite POV not selected.
10	Nhân Ái Sinh Hận	EF-T0010	A	WITNESS_RELAY	UNASSIGNED	OPEN	WORLD_EVENT	Preserve substantial source event independently of trio; scene owner and eligible satellite POV not selected.
11	Thế Sự Khó Lường	EF-T0011	A	WITNESS_RELAY	UNASSIGNED	OPEN	WORLD_EVENT	Preserve substantial source event independently of trio; scene owner and eligible satellite POV not selected.
12	Huyết Quang Tai	EF-T0012	A	DIRECT_TRIO	ha-nuong	I	CORE_APPROVED	Core role from R-14 and approved volume architecture; subtask allocation remains draft.
13	Người Kế Vị	EF-T0013	A	WITNESS_RELAY	UNASSIGNED	OPEN	WORLD_EVENT	Preserve substantial source event independently of trio; scene owner and eligible satellite POV not selected.
14	Đột Biến	EF-T0014	A	WITNESS_RELAY	UNASSIGNED	OPEN	WORLD_EVENT	Preserve substantial source event independently of trio; scene owner and eligible satellite POV not selected.
15	Tân Triều	EF-T0015	A	WITNESS_RELAY	UNASSIGNED	OPEN	WORLD_EVENT	Preserve substantial source event independently of trio; scene owner and eligible satellite POV not selected.
16	Tìm Ra Lời Đáp	EF-T0016	A	WITNESS_RELAY	UNASSIGNED	OPEN	WORLD_EVENT	Preserve substantial source event independently of trio; scene owner and eligible satellite POV not selected.
17	Báo Ân	EF-T0017	A	WITNESS_RELAY	UNASSIGNED	OPEN	WORLD_EVENT	Preserve substantial source event independently of trio; scene owner and eligible satellite POV not selected.
18	Bí Mật Che Giấu	EF-T0018	A	WITNESS_RELAY	UNASSIGNED	OPEN	WORLD_EVENT	Preserve substantial source event independently of trio; scene owner and eligible satellite POV not selected.
19	Âm Sai Dương Thác	EF-T0019	A	WITNESS_RELAY	UNASSIGNED	OPEN	WORLD_EVENT	Preserve substantial source event independently of trio; scene owner and eligible satellite POV not selected.
20	Hé Lộ Manh Mối	EF-T0020	A	WITNESS_RELAY	UNASSIGNED	OPEN	WORLD_EVENT	Preserve substantial source event independently of trio; scene owner and eligible satellite POV not selected.
21	Súc Thế Đãi Phát	EF-T0021	A	WITNESS_RELAY	UNASSIGNED	OPEN	WORLD_EVENT	Preserve substantial source event independently of trio; scene owner and eligible satellite POV not selected.
22	Mang Ngọc Mắc Tội	EF-T0022	A	WITNESS_RELAY	UNASSIGNED	OPEN	WORLD_EVENT	Preserve substantial source event independently of trio; scene owner and eligible satellite POV not selected.
23	Bộ Bộ Vi Doanh	EF-T0023	A	WITNESS_RELAY	UNASSIGNED	OPEN	WORLD_EVENT	Preserve substantial source event independently of trio; scene owner and eligible satellite POV not selected.
24	Xua Tan Mây Mù	EF-T0024	A	WITNESS_RELAY	UNASSIGNED	OPEN	WORLD_EVENT	Preserve substantial source event independently of trio; scene owner and eligible satellite POV not selected.
25	Mưu Kế Thâm Sâu	EF-T0025	A	WITNESS_RELAY	UNASSIGNED	OPEN	WORLD_EVENT	Preserve substantial source event independently of trio; scene owner and eligible satellite POV not selected.
26	Thu Phục	EF-T0026	B	LIVING_LORE	UNASSIGNED	OPEN	RESERVOIR_REVIEW	Retain independent local/sect story for close reading; channel is a preliminary editorial suggestion, no event or scene approved.
27	Nghĩa Khí La Phong	EF-T0027	B	LIVING_LORE	UNASSIGNED	OPEN	RESERVOIR_REVIEW	Retain independent local/sect story for close reading; channel is a preliminary editorial suggestion, no event or scene approved.
28	Bố Giả Thương	EF-T0028	B	LIVING_LORE	UNASSIGNED	OPEN	RESERVOIR_REVIEW	Retain independent local/sect story for close reading; channel is a preliminary editorial suggestion, no event or scene approved.
29	Hầu Nhi Tửu	EF-T0029	B	LIVING_LORE	UNASSIGNED	OPEN	RESERVOIR_REVIEW	Retain independent local/sect story for close reading; channel is a preliminary editorial suggestion, no event or scene approved.
30	Ảnh Giả	EF-T0030	B	LIVING_LORE	UNASSIGNED	OPEN	RESERVOIR_REVIEW	Retain independent local/sect story for close reading; channel is a preliminary editorial suggestion, no event or scene approved.
31	Đả Cẩu Trận Pháp	EF-T0031	B	LIVING_LORE	UNASSIGNED	OPEN	RESERVOIR_REVIEW	Retain independent local/sect story for close reading; channel is a preliminary editorial suggestion, no event or scene approved.
32	Á Lão Đầu	EF-T0032	B	LIVING_LORE	UNASSIGNED	OPEN	RESERVOIR_REVIEW	Retain independent local/sect story for close reading; channel is a preliminary editorial suggestion, no event or scene approved.
33	Nạn Cá Sấu	EF-T0033	B	LIVING_LORE	UNASSIGNED	OPEN	RESERVOIR_REVIEW	Retain independent local/sect story for close reading; channel is a preliminary editorial suggestion, no event or scene approved.
34	Thương Nhân Thần Bí	EF-T0034	B	LIVING_LORE	UNASSIGNED	OPEN	RESERVOIR_REVIEW	Retain independent local/sect story for close reading; channel is a preliminary editorial suggestion, no event or scene approved.
35	Bí Ẩn Phản Tộc	EF-T0035	B	LIVING_LORE	UNASSIGNED	OPEN	RESERVOIR_REVIEW	Retain independent local/sect story for close reading; channel is a preliminary editorial suggestion, no event or scene approved.
36	Chứng Cứ Phản Loạn	EF-T0036	B	LIVING_LORE	UNASSIGNED	OPEN	RESERVOIR_REVIEW	Retain independent local/sect story for close reading; channel is a preliminary editorial suggestion, no event or scene approved.
37	Quý Hầu Mắc Nạn	EF-T0037	B	LIVING_LORE	UNASSIGNED	OPEN	RESERVOIR_REVIEW	Retain independent local/sect story for close reading; channel is a preliminary editorial suggestion, no event or scene approved.
38	Cược Đao Khách	EF-T0038	B	LIVING_LORE	UNASSIGNED	OPEN	RESERVOIR_REVIEW	Retain independent local/sect story for close reading; channel is a preliminary editorial suggestion, no event or scene approved.
39	Cược Kiếm Khách	EF-T0039	B	LIVING_LORE	UNASSIGNED	OPEN	RESERVOIR_REVIEW	Retain independent local/sect story for close reading; channel is a preliminary editorial suggestion, no event or scene approved.
40	Doanh Trại Cũ	EF-T0040	B	LIVING_LORE	UNASSIGNED	OPEN	RESERVOIR_REVIEW	Retain independent local/sect story for close reading; channel is a preliminary editorial suggestion, no event or scene approved.
41	Công Tử Si Tình	EF-T0041	B	LIVING_LORE	UNASSIGNED	OPEN	RESERVOIR_REVIEW	Retain independent local/sect story for close reading; channel is a preliminary editorial suggestion, no event or scene approved.
42	Cô Phần	EF-T0042	B	LIVING_LORE	UNASSIGNED	OPEN	RESERVOIR_REVIEW	Retain independent local/sect story for close reading; channel is a preliminary editorial suggestion, no event or scene approved.
43	Họa Rắn Cạp Nong	EF-T0043	B	LIVING_LORE	UNASSIGNED	OPEN	RESERVOIR_REVIEW	Retain independent local/sect story for close reading; channel is a preliminary editorial suggestion, no event or scene approved.
44	Đồ Thôn	EF-T0044	B	LIVING_LORE	UNASSIGNED	OPEN	RESERVOIR_REVIEW	Retain independent local/sect story for close reading; channel is a preliminary editorial suggestion, no event or scene approved.
45	Sát Thủ Thổ Sơn	EF-T0045	B	LIVING_LORE	UNASSIGNED	OPEN	RESERVOIR_REVIEW	Retain independent local/sect story for close reading; channel is a preliminary editorial suggestion, no event or scene approved.
46	Nữ Vu Ca	EF-T0046	B	LIVING_LORE	UNASSIGNED	OPEN	RESERVOIR_REVIEW	Retain independent local/sect story for close reading; channel is a preliminary editorial suggestion, no event or scene approved.
47	Đại Tuyết Chi Chủng	EF-T0047	B	LIVING_LORE	UNASSIGNED	OPEN	RESERVOIR_REVIEW	Retain independent local/sect story for close reading; channel is a preliminary editorial suggestion, no event or scene approved.
48	Lai Lịch Tống Thu Thạch	EF-T0048	B	LIVING_LORE	UNASSIGNED	OPEN	RESERVOIR_REVIEW	Retain independent local/sect story for close reading; channel is a preliminary editorial suggestion, no event or scene approved.
49	Huynh Muội Du Thị	EF-T0049	B	LIVING_LORE	UNASSIGNED	OPEN	RESERVOIR_REVIEW	Retain independent local/sect story for close reading; channel is a preliminary editorial suggestion, no event or scene approved.
50	Chủ Nhân Thần Bí	EF-T0050	B	LIVING_LORE	UNASSIGNED	OPEN	RESERVOIR_REVIEW	Retain independent local/sect story for close reading; channel is a preliminary editorial suggestion, no event or scene approved.
51	Băng Huyệt Bi Hào	EF-T0051	B	LIVING_LORE	UNASSIGNED	OPEN	RESERVOIR_REVIEW	Retain independent local/sect story for close reading; channel is a preliminary editorial suggestion, no event or scene approved.
52	Côn Lôn Cố Sự	EF-T0052	B	LIVING_LORE	UNASSIGNED	OPEN	RESERVOIR_REVIEW	Retain independent local/sect story for close reading; channel is a preliminary editorial suggestion, no event or scene approved.
53	Trở Lại Nhân Gian	EF-T0053	B	LIVING_LORE	UNASSIGNED	OPEN	RESERVOIR_REVIEW	Retain independent local/sect story for close reading; channel is a preliminary editorial suggestion, no event or scene approved.
54	Phạm Giới Chi Tăng	EF-T0054	B	LIVING_LORE	UNASSIGNED	OPEN	RESERVOIR_REVIEW	Retain independent local/sect story for close reading; channel is a preliminary editorial suggestion, no event or scene approved.
55	Tứ Vị Danh Dược	EF-T0055	B	LIVING_LORE	UNASSIGNED	OPEN	RESERVOIR_REVIEW	Retain independent local/sect story for close reading; channel is a preliminary editorial suggestion, no event or scene approved.
56	Danh Sư Không Tướng	EF-T0056	B	LIVING_LORE	UNASSIGNED	OPEN	RESERVOIR_REVIEW	Retain independent local/sect story for close reading; channel is a preliminary editorial suggestion, no event or scene approved.
57	Thần Bí Thiết Tặc	EF-T0057	B	LIVING_LORE	UNASSIGNED	OPEN	RESERVOIR_REVIEW	Retain independent local/sect story for close reading; channel is a preliminary editorial suggestion, no event or scene approved.
58	Phục Hồi Cơ Quan	EF-T0058	B	LIVING_LORE	UNASSIGNED	OPEN	RESERVOIR_REVIEW	Retain independent local/sect story for close reading; channel is a preliminary editorial suggestion, no event or scene approved.
59	Đệ Tử Bị Thương	EF-T0059	B	LIVING_LORE	UNASSIGNED	OPEN	RESERVOIR_REVIEW	Retain independent local/sect story for close reading; channel is a preliminary editorial suggestion, no event or scene approved.
60	Khảo Nghiệm Cuối Cùng	EF-T0060	B	LIVING_LORE	UNASSIGNED	OPEN	RESERVOIR_REVIEW	Retain independent local/sect story for close reading; channel is a preliminary editorial suggestion, no event or scene approved.
61	Diệu Kế Bình Loạn	EF-T0061	B	LIVING_LORE	UNASSIGNED	OPEN	RESERVOIR_REVIEW	Retain independent local/sect story for close reading; channel is a preliminary editorial suggestion, no event or scene approved.
62	Thái Điệp Tiên Tử	EF-T0062	B	LIVING_LORE	UNASSIGNED	OPEN	RESERVOIR_REVIEW	Retain independent local/sect story for close reading; channel is a preliminary editorial suggestion, no event or scene approved.
63	Kiếm Khách Si Tình	EF-T0063	B	LIVING_LORE	UNASSIGNED	OPEN	RESERVOIR_REVIEW	Retain independent local/sect story for close reading; channel is a preliminary editorial suggestion, no event or scene approved.
64	Thần Bí Kim Nhân	EF-T0064	B	LIVING_LORE	UNASSIGNED	OPEN	RESERVOIR_REVIEW	Retain independent local/sect story for close reading; channel is a preliminary editorial suggestion, no event or scene approved.
65	Hổ Động Mê Tung	EF-T0065	B	LIVING_LORE	UNASSIGNED	OPEN	RESERVOIR_REVIEW	Retain independent local/sect story for close reading; channel is a preliminary editorial suggestion, no event or scene approved.
66	Đêm Mưa Rả Rích	EF-T0066	B	LIVING_LORE	UNASSIGNED	OPEN	RESERVOIR_REVIEW	Retain independent local/sect story for close reading; channel is a preliminary editorial suggestion, no event or scene approved.
67	Thù Cũ	EF-T0067	B	LIVING_LORE	UNASSIGNED	OPEN	RESERVOIR_REVIEW	Retain independent local/sect story for close reading; channel is a preliminary editorial suggestion, no event or scene approved.
68	Hoàng Lăng Chi Biến	EF-T0068	B	LIVING_LORE	UNASSIGNED	OPEN	RESERVOIR_REVIEW	Retain independent local/sect story for close reading; channel is a preliminary editorial suggestion, no event or scene approved.
69	Kho Báu Đạo Mộ Tặc	EF-T0069	B	LIVING_LORE	UNASSIGNED	OPEN	RESERVOIR_REVIEW	Retain independent local/sect story for close reading; channel is a preliminary editorial suggestion, no event or scene approved.
70	Quân Cờ Thần Bí	EF-T0070	B	LIVING_LORE	UNASSIGNED	OPEN	RESERVOIR_REVIEW	Retain independent local/sect story for close reading; channel is a preliminary editorial suggestion, no event or scene approved.
71	Thử Tài	EF-T0071	B	LIVING_LORE	UNASSIGNED	OPEN	RESERVOIR_REVIEW	Retain independent local/sect story for close reading; channel is a preliminary editorial suggestion, no event or scene approved.
72	Loạn Trong Giặc Ngoài	EF-T0072	B	LIVING_LORE	UNASSIGNED	OPEN	RESERVOIR_REVIEW	Retain independent local/sect story for close reading; channel is a preliminary editorial suggestion, no event or scene approved.
73	Giải Cứu Thích Khách	EF-T0073	B	LIVING_LORE	UNASSIGNED	OPEN	RESERVOIR_REVIEW	Retain independent local/sect story for close reading; channel is a preliminary editorial suggestion, no event or scene approved.
74	Diệt Khẩu	EF-T0074	B	LIVING_LORE	UNASSIGNED	OPEN	RESERVOIR_REVIEW	Retain independent local/sect story for close reading; channel is a preliminary editorial suggestion, no event or scene approved.
75	Nga My Cố Sự	EF-T0075	B	LIVING_LORE	UNASSIGNED	OPEN	RESERVOIR_REVIEW	Retain independent local/sect story for close reading; channel is a preliminary editorial suggestion, no event or scene approved.
76	Cầu Thân	EF-T0076	B	LIVING_LORE	UNASSIGNED	OPEN	RESERVOIR_REVIEW	Retain independent local/sect story for close reading; channel is a preliminary editorial suggestion, no event or scene approved.
77	Vô Niệm Kiếp	EF-T0077	B	LIVING_LORE	UNASSIGNED	OPEN	RESERVOIR_REVIEW	Retain independent local/sect story for close reading; channel is a preliminary editorial suggestion, no event or scene approved.
78	Thách Đấu Cừu Tuyết	EF-T0078	B	LIVING_LORE	UNASSIGNED	OPEN	RESERVOIR_REVIEW	Retain independent local/sect story for close reading; channel is a preliminary editorial suggestion, no event or scene approved.
79	Mối Hận Đường Gia	EF-T0079	B	LIVING_LORE	UNASSIGNED	OPEN	RESERVOIR_REVIEW	Retain independent local/sect story for close reading; channel is a preliminary editorial suggestion, no event or scene approved.
80	Cung Nữ Cung Thất	EF-T0080	B	LIVING_LORE	UNASSIGNED	OPEN	RESERVOIR_REVIEW	Retain independent local/sect story for close reading; channel is a preliminary editorial suggestion, no event or scene approved.
81	Bạch Cốt Chi Thành	EF-T0081	B	LIVING_LORE	UNASSIGNED	OPEN	RESERVOIR_REVIEW	Retain independent local/sect story for close reading; channel is a preliminary editorial suggestion, no event or scene approved.
82	Hợp Tung Liên Hoành	EF-T0082	B	LIVING_LORE	UNASSIGNED	OPEN	RESERVOIR_REVIEW	Retain independent local/sect story for close reading; channel is a preliminary editorial suggestion, no event or scene approved.
83	Độc Kế	EF-T0083	B	LIVING_LORE	UNASSIGNED	OPEN	RESERVOIR_REVIEW	Retain independent local/sect story for close reading; channel is a preliminary editorial suggestion, no event or scene approved.
84	Tâm Pháp Mật Tịch	EF-T0084	B	LIVING_LORE	UNASSIGNED	OPEN	RESERVOIR_REVIEW	Retain independent local/sect story for close reading; channel is a preliminary editorial suggestion, no event or scene approved.
85	Khuynh Tâm Chi Giao	EF-T0085	B	LIVING_LORE	UNASSIGNED	OPEN	RESERVOIR_REVIEW	Retain independent local/sect story for close reading; channel is a preliminary editorial suggestion, no event or scene approved.
86	Đường Môn Tứ Lão	EF-T0086	B	LIVING_LORE	UNASSIGNED	OPEN	RESERVOIR_REVIEW	Retain independent local/sect story for close reading; channel is a preliminary editorial suggestion, no event or scene approved.
87	Hoài Nghi	EF-T0087	B	LIVING_LORE	UNASSIGNED	OPEN	RESERVOIR_REVIEW	Retain independent local/sect story for close reading; channel is a preliminary editorial suggestion, no event or scene approved.
88	Ân Tình Đường Hiểu	EF-T0088	B	LIVING_LORE	UNASSIGNED	OPEN	RESERVOIR_REVIEW	Retain independent local/sect story for close reading; channel is a preliminary editorial suggestion, no event or scene approved.
89	Hoa Cốc Lai Khách	EF-T0089	B	LIVING_LORE	UNASSIGNED	OPEN	RESERVOIR_REVIEW	Retain independent local/sect story for close reading; channel is a preliminary editorial suggestion, no event or scene approved.
90	Hộ Hoa Sứ Giả	EF-T0090	B	LIVING_LORE	UNASSIGNED	OPEN	RESERVOIR_REVIEW	Retain independent local/sect story for close reading; channel is a preliminary editorial suggestion, no event or scene approved.
91	Toàn Thiên Yến Tử	EF-T0091	B	LIVING_LORE	UNASSIGNED	OPEN	RESERVOIR_REVIEW	Retain independent local/sect story for close reading; channel is a preliminary editorial suggestion, no event or scene approved.
92	Nỗi Nhục Sư Môn	EF-T0092	B	LIVING_LORE	UNASSIGNED	OPEN	RESERVOIR_REVIEW	Retain independent local/sect story for close reading; channel is a preliminary editorial suggestion, no event or scene approved.
93	Khách Phương Bắc	EF-T0093	B	LIVING_LORE	UNASSIGNED	OPEN	RESERVOIR_REVIEW	Retain independent local/sect story for close reading; channel is a preliminary editorial suggestion, no event or scene approved.
94	Thân Thế Vinh Giảo Giảo	EF-T0094	B	LIVING_LORE	UNASSIGNED	OPEN	RESERVOIR_REVIEW	Retain independent local/sect story for close reading; channel is a preliminary editorial suggestion, no event or scene approved.
95	Ân Tình Trác Vân	EF-T0095	B	LIVING_LORE	UNASSIGNED	OPEN	RESERVOIR_REVIEW	Retain independent local/sect story for close reading; channel is a preliminary editorial suggestion, no event or scene approved.
96	Cứu Tế Thôn Dân	EF-T0096	B	LIVING_LORE	UNASSIGNED	OPEN	RESERVOIR_REVIEW	Retain independent local/sect story for close reading; channel is a preliminary editorial suggestion, no event or scene approved.
97	Huyền Thưởng Thông Cáo	EF-T0097	B	LIVING_LORE	UNASSIGNED	OPEN	RESERVOIR_REVIEW	Retain independent local/sect story for close reading; channel is a preliminary editorial suggestion, no event or scene approved.
98	Bình Định Biên Giới	EF-T0098	B	LIVING_LORE	UNASSIGNED	OPEN	RESERVOIR_REVIEW	Retain independent local/sect story for close reading; channel is a preliminary editorial suggestion, no event or scene approved.
99	Lời Nói Dối Thiện Ý	EF-T0099	B	LIVING_LORE	UNASSIGNED	OPEN	RESERVOIR_REVIEW	Retain independent local/sect story for close reading; channel is a preliminary editorial suggestion, no event or scene approved.
100	Chuộc Mạng Tráng Đinh	EF-T0100	B	LIVING_LORE	UNASSIGNED	OPEN	RESERVOIR_REVIEW	Retain independent local/sect story for close reading; channel is a preliminary editorial suggestion, no event or scene approved.
102	Luyện Nhật Đại Pháp	EF-T0102	B	LIVING_LORE	UNASSIGNED	OPEN	RESERVOIR_REVIEW	Retain independent local/sect story for close reading; channel is a preliminary editorial suggestion, no event or scene approved.
103	Thanh Lý Môn Hộ	EF-T0103	B	LIVING_LORE	UNASSIGNED	OPEN	RESERVOIR_REVIEW	Retain independent local/sect story for close reading; channel is a preliminary editorial suggestion, no event or scene approved.
104	Hồ Điệp Mùa Thu	EF-T0104	B	LIVING_LORE	UNASSIGNED	OPEN	RESERVOIR_REVIEW	Retain independent local/sect story for close reading; channel is a preliminary editorial suggestion, no event or scene approved.
105	Chấn Nhiếp Chi Lực	EF-T0105	B	LIVING_LORE	UNASSIGNED	OPEN	RESERVOIR_REVIEW	Retain independent local/sect story for close reading; channel is a preliminary editorial suggestion, no event or scene approved.
106	Bách Quan Phổ	EF-T0106	B	LIVING_LORE	UNASSIGNED	OPEN	RESERVOIR_REVIEW	Retain independent local/sect story for close reading; channel is a preliminary editorial suggestion, no event or scene approved.
107	Biên Quản Thái Học Sinh	EF-T0107	B	LIVING_LORE	UNASSIGNED	OPEN	RESERVOIR_REVIEW	Retain independent local/sect story for close reading; channel is a preliminary editorial suggestion, no event or scene approved.
108	Lược Gia Trừng Giới	EF-T0108	B	LIVING_LORE	UNASSIGNED	OPEN	RESERVOIR_REVIEW	Retain independent local/sect story for close reading; channel is a preliminary editorial suggestion, no event or scene approved.
109	Tình Hình Nguy Cấp	EF-T0109	B	LIVING_LORE	UNASSIGNED	OPEN	RESERVOIR_REVIEW	Retain independent local/sect story for close reading; channel is a preliminary editorial suggestion, no event or scene approved.
110	Đổ Ước	EF-T0110	B	LIVING_LORE	UNASSIGNED	OPEN	RESERVOIR_REVIEW	Retain independent local/sect story for close reading; channel is a preliminary editorial suggestion, no event or scene approved.
111	Tấn Lang Tửu	EF-T0111	B	LIVING_LORE	UNASSIGNED	OPEN	RESERVOIR_REVIEW	Retain independent local/sect story for close reading; channel is a preliminary editorial suggestion, no event or scene approved.
112	Tiểu Mặc Nhĩ	EF-T0112	B	LIVING_LORE	UNASSIGNED	OPEN	RESERVOIR_REVIEW	Retain independent local/sect story for close reading; channel is a preliminary editorial suggestion, no event or scene approved.
113	Mua Đi Bán Lại	EF-T0113	B	LIVING_LORE	UNASSIGNED	OPEN	RESERVOIR_REVIEW	Retain independent local/sect story for close reading; channel is a preliminary editorial suggestion, no event or scene approved.
114	Trừng Phạt	EF-T0114	B	LIVING_LORE	UNASSIGNED	OPEN	RESERVOIR_REVIEW	Retain independent local/sect story for close reading; channel is a preliminary editorial suggestion, no event or scene approved.
115	Kim Khoáng	EF-T0115	B	LIVING_LORE	UNASSIGNED	OPEN	RESERVOIR_REVIEW	Retain independent local/sect story for close reading; channel is a preliminary editorial suggestion, no event or scene approved.
116	A Lợi Tư	EF-T0116	B	LIVING_LORE	UNASSIGNED	OPEN	RESERVOIR_REVIEW	Retain independent local/sect story for close reading; channel is a preliminary editorial suggestion, no event or scene approved.
117	Gia Thù	EF-T0117	B	LIVING_LORE	UNASSIGNED	OPEN	RESERVOIR_REVIEW	Retain independent local/sect story for close reading; channel is a preliminary editorial suggestion, no event or scene approved.
118	Tử Ngọc Băng Xà	EF-T0118	B	LIVING_LORE	UNASSIGNED	OPEN	RESERVOIR_REVIEW	Retain independent local/sect story for close reading; channel is a preliminary editorial suggestion, no event or scene approved.
119	Hôn Quan	EF-T0119	B	LIVING_LORE	UNASSIGNED	OPEN	RESERVOIR_REVIEW	Retain independent local/sect story for close reading; channel is a preliminary editorial suggestion, no event or scene approved.
120	Mua Bán Lớn	EF-T0120	B	LIVING_LORE	UNASSIGNED	OPEN	RESERVOIR_REVIEW	Retain independent local/sect story for close reading; channel is a preliminary editorial suggestion, no event or scene approved.
121	Bình Loạn	EF-T0121	B	LIVING_LORE	UNASSIGNED	OPEN	RESERVOIR_REVIEW	Retain independent local/sect story for close reading; channel is a preliminary editorial suggestion, no event or scene approved.
122	Lang Hài	EF-T0122	B	LIVING_LORE	UNASSIGNED	OPEN	RESERVOIR_REVIEW	Retain independent local/sect story for close reading; channel is a preliminary editorial suggestion, no event or scene approved.
123	Trọng Thưởng	EF-T0123	B	LIVING_LORE	UNASSIGNED	OPEN	RESERVOIR_REVIEW	Retain independent local/sect story for close reading; channel is a preliminary editorial suggestion, no event or scene approved.
124	Tầm Hồi Quái Vật	EF-T0124	B	LIVING_LORE	UNASSIGNED	OPEN	RESERVOIR_REVIEW	Retain independent local/sect story for close reading; channel is a preliminary editorial suggestion, no event or scene approved.
125	Đào Ly	EF-T0125	B	LIVING_LORE	UNASSIGNED	OPEN	RESERVOIR_REVIEW	Retain independent local/sect story for close reading; channel is a preliminary editorial suggestion, no event or scene approved.
126	Cựu Hận	EF-T0126	B	LIVING_LORE	UNASSIGNED	OPEN	RESERVOIR_REVIEW	Retain independent local/sect story for close reading; channel is a preliminary editorial suggestion, no event or scene approved.
127	Khơi Thông	EF-T0127	B	LIVING_LORE	UNASSIGNED	OPEN	RESERVOIR_REVIEW	Retain independent local/sect story for close reading; channel is a preliminary editorial suggestion, no event or scene approved.
128	Võng Khai Nhất Diện	EF-T0128	B	LIVING_LORE	UNASSIGNED	OPEN	RESERVOIR_REVIEW	Retain independent local/sect story for close reading; channel is a preliminary editorial suggestion, no event or scene approved.
129	Cảnh Chung	EF-T0129	B	LIVING_LORE	UNASSIGNED	OPEN	RESERVOIR_REVIEW	Retain independent local/sect story for close reading; channel is a preliminary editorial suggestion, no event or scene approved.
130	Y Giả Tâm	EF-T0130	B	LIVING_LORE	UNASSIGNED	OPEN	RESERVOIR_REVIEW	Retain independent local/sect story for close reading; channel is a preliminary editorial suggestion, no event or scene approved.
131	Thiết Mẫu	EF-T0131	B	LIVING_LORE	UNASSIGNED	OPEN	RESERVOIR_REVIEW	Retain independent local/sect story for close reading; channel is a preliminary editorial suggestion, no event or scene approved.
132	Đại Án Tử Mẫu Hoàn	EF-T0132	B	LIVING_LORE	UNASSIGNED	OPEN	RESERVOIR_REVIEW	Retain independent local/sect story for close reading; channel is a preliminary editorial suggestion, no event or scene approved.
133	Đại Án Thâm Khuê	EF-T0133	B	LIVING_LORE	UNASSIGNED	OPEN	RESERVOIR_REVIEW	Retain independent local/sect story for close reading; channel is a preliminary editorial suggestion, no event or scene approved.
134	Tế Sống	EF-T0134	B	LIVING_LORE	UNASSIGNED	OPEN	RESERVOIR_REVIEW	Retain independent local/sect story for close reading; channel is a preliminary editorial suggestion, no event or scene approved.
135	Tín Đồ	EF-T0135	B	LIVING_LORE	UNASSIGNED	OPEN	RESERVOIR_REVIEW	Retain independent local/sect story for close reading; channel is a preliminary editorial suggestion, no event or scene approved.
136	Luân Hồi	EF-T0136	B	LIVING_LORE	UNASSIGNED	OPEN	RESERVOIR_REVIEW	Retain independent local/sect story for close reading; channel is a preliminary editorial suggestion, no event or scene approved.
137	Thích Khách	EF-T0137	B	LIVING_LORE	UNASSIGNED	OPEN	RESERVOIR_REVIEW	Retain independent local/sect story for close reading; channel is a preliminary editorial suggestion, no event or scene approved.
138	Diệt Sạch Báo Thù	EF-T0138	B	LIVING_LORE	UNASSIGNED	OPEN	RESERVOIR_REVIEW	Retain independent local/sect story for close reading; channel is a preliminary editorial suggestion, no event or scene approved.
139	Hoàng Lăng	EF-T0139	B	LIVING_LORE	UNASSIGNED	OPEN	RESERVOIR_REVIEW	Retain independent local/sect story for close reading; channel is a preliminary editorial suggestion, no event or scene approved.
140	Cựu Ái Sở Tại	EF-T0140	B	LIVING_LORE	UNASSIGNED	OPEN	RESERVOIR_REVIEW	Retain independent local/sect story for close reading; channel is a preliminary editorial suggestion, no event or scene approved.
141	Nghĩa Chi Sở Tại	EF-T0141	B	LIVING_LORE	UNASSIGNED	OPEN	RESERVOIR_REVIEW	Retain independent local/sect story for close reading; channel is a preliminary editorial suggestion, no event or scene approved.
142	Tình Ý Miên Man	EF-T0142	B	LIVING_LORE	UNASSIGNED	OPEN	RESERVOIR_REVIEW	Retain independent local/sect story for close reading; channel is a preliminary editorial suggestion, no event or scene approved.
143	Hoàng Lăng Bí Sự	EF-T0143	B	LIVING_LORE	UNASSIGNED	OPEN	RESERVOIR_REVIEW	Retain independent local/sect story for close reading; channel is a preliminary editorial suggestion, no event or scene approved.
144	Địch Nhân Chi Hữu	EF-T0144	B	LIVING_LORE	UNASSIGNED	OPEN	RESERVOIR_REVIEW	Retain independent local/sect story for close reading; channel is a preliminary editorial suggestion, no event or scene approved.
145	Dĩ Tiểu Kiến Đại	EF-T0145	B	LIVING_LORE	UNASSIGNED	OPEN	RESERVOIR_REVIEW	Retain independent local/sect story for close reading; channel is a preliminary editorial suggestion, no event or scene approved.
146	Khiêu Sơn Chấn Hổ	EF-T0146	B	LIVING_LORE	UNASSIGNED	OPEN	RESERVOIR_REVIEW	Retain independent local/sect story for close reading; channel is a preliminary editorial suggestion, no event or scene approved.
147	Đại Vị Khu Trục	EF-T0147	B	LIVING_LORE	UNASSIGNED	OPEN	RESERVOIR_REVIEW	Retain independent local/sect story for close reading; channel is a preliminary editorial suggestion, no event or scene approved.
148	Sơn Môn Nạn	EF-T0148	B	LIVING_LORE	UNASSIGNED	OPEN	RESERVOIR_REVIEW	Retain independent local/sect story for close reading; channel is a preliminary editorial suggestion, no event or scene approved.
149	Tín Đồ Nổi Giận	EF-T0149	B	LIVING_LORE	UNASSIGNED	OPEN	RESERVOIR_REVIEW	Retain independent local/sect story for close reading; channel is a preliminary editorial suggestion, no event or scene approved.
150	Thân Bạn Nguy Cơ	EF-T0150	B	LIVING_LORE	UNASSIGNED	OPEN	RESERVOIR_REVIEW	Retain independent local/sect story for close reading; channel is a preliminary editorial suggestion, no event or scene approved.
151	Long Nhan Thịnh Nộ	EF-T0151	B	LIVING_LORE	UNASSIGNED	OPEN	RESERVOIR_REVIEW	Retain independent local/sect story for close reading; channel is a preliminary editorial suggestion, no event or scene approved.
152	Lưu Khấu Chi Phong	EF-T0152	B	LIVING_LORE	UNASSIGNED	OPEN	RESERVOIR_REVIEW	Retain independent local/sect story for close reading; channel is a preliminary editorial suggestion, no event or scene approved.
153	Ám Trung Chế Địch	EF-T0153	B	LIVING_LORE	UNASSIGNED	OPEN	RESERVOIR_REVIEW	Retain independent local/sect story for close reading; channel is a preliminary editorial suggestion, no event or scene approved.
154	Sát Xà Thủ Đảm	EF-T0154	B	LIVING_LORE	UNASSIGNED	OPEN	RESERVOIR_REVIEW	Retain independent local/sect story for close reading; channel is a preliminary editorial suggestion, no event or scene approved.
155	Đồ Nhã Chi Thác	EF-T0155	B	LIVING_LORE	UNASSIGNED	OPEN	RESERVOIR_REVIEW	Retain independent local/sect story for close reading; channel is a preliminary editorial suggestion, no event or scene approved.
156	Cố Nhân Chi Tình	EF-T0156	B	LIVING_LORE	UNASSIGNED	OPEN	RESERVOIR_REVIEW	Retain independent local/sect story for close reading; channel is a preliminary editorial suggestion, no event or scene approved.
157	Thân Thế Chi Mê	EF-T0157	A	DIRECT_TRIO	tieu-phung	I	CORE_APPROVED	Core role from R-14 and approved volume architecture; subtask allocation remains draft.
158	Sơn Vũ Dục Lai	EF-DEPARTURE	B	DOCUMENT_TRACE	UNASSIGNED	I	BRANCH_OPEN	Three source departure alternatives; retain all, allocate none until route conditions are checked.
159	Nghịch Vận Luân	EF-DEPARTURE	B	DOCUMENT_TRACE	UNASSIGNED	I	BRANCH_OPEN	Three source departure alternatives; retain all, allocate none until route conditions are checked.
160	Hồ Điệp Phong Bạo	EF-DEPARTURE	B	DOCUMENT_TRACE	UNASSIGNED	I	BRANCH_OPEN	Three source departure alternatives; retain all, allocate none until route conditions are checked.
161	Tâm Đắc Thư (sơ)	EF-TAM-DAC	C	LIVING_LORE	UNASSIGNED	OPEN	REPEAT_LORE_REVIEW	Exclude repeated occurrence, preserve potential labor, economy, medicine or local conflict; repeat flag alone does not erase lore.
162	Tâm Đắc Thư (trung)	EF-TAM-DAC	C	LIVING_LORE	UNASSIGNED	OPEN	REPEAT_LORE_REVIEW	Exclude repeated occurrence, preserve potential labor, economy, medicine or local conflict; repeat flag alone does not erase lore.
163	Tâm Đắc Thư (cao)	EF-TAM-DAC	C	LIVING_LORE	UNASSIGNED	OPEN	REPEAT_LORE_REVIEW	Exclude repeated occurrence, preserve potential labor, economy, medicine or local conflict; repeat flag alone does not erase lore.
164	Đánh Đuổi Cường Đạo	EF-T0164	B	LIVING_LORE	UNASSIGNED	OPEN	RESERVOIR_REVIEW	Retain independent local/sect story for close reading; channel is a preliminary editorial suggestion, no event or scene approved.
165	Hành Động Ám Sát	EF-T0165	B	LIVING_LORE	UNASSIGNED	OPEN	RESERVOIR_REVIEW	Retain independent local/sect story for close reading; channel is a preliminary editorial suggestion, no event or scene approved.
166	Đường Lang Quyền Sư	EF-T0166	C	LIVING_LORE	UNASSIGNED	OPEN	REPEAT_LORE_REVIEW	Exclude repeated occurrence, preserve potential labor, economy, medicine or local conflict; repeat flag alone does not erase lore.
167	Ảnh Xã Anh Linh	EF-T0167	B	LIVING_LORE	UNASSIGNED	OPEN	RESERVOIR_REVIEW	Retain independent local/sect story for close reading; channel is a preliminary editorial suggestion, no event or scene approved.
168	Hoa Hương Loa	EF-T0168	B	LIVING_LORE	UNASSIGNED	OPEN	RESERVOIR_REVIEW	Retain independent local/sect story for close reading; channel is a preliminary editorial suggestion, no event or scene approved.
169	Ủy Thác Của Đệ Tử Thiên Vương	EF-T0169	B	LIVING_LORE	UNASSIGNED	OPEN	RESERVOIR_REVIEW	Retain independent local/sect story for close reading; channel is a preliminary editorial suggestion, no event or scene approved.
170	Chế Tạo Thương Thiên Vương	EF-T0170	C	LIVING_LORE	UNASSIGNED	OPEN	REPEAT_LORE_REVIEW	Exclude repeated occurrence, preserve potential labor, economy, medicine or local conflict; repeat flag alone does not erase lore.
171	Quả Sồi	EF-T0171	C	LIVING_LORE	UNASSIGNED	OPEN	REPEAT_LORE_REVIEW	Exclude repeated occurrence, preserve potential labor, economy, medicine or local conflict; repeat flag alone does not erase lore.
172	Đoạt Lại Pháp Khí	EF-T0172	B	LIVING_LORE	UNASSIGNED	OPEN	RESERVOIR_REVIEW	Retain independent local/sect story for close reading; channel is a preliminary editorial suggestion, no event or scene approved.
173	Rượu Mông Cổ	EF-T0173	B	LIVING_LORE	UNASSIGNED	OPEN	RESERVOIR_REVIEW	Retain independent local/sect story for close reading; channel is a preliminary editorial suggestion, no event or scene approved.
174	Hồi Môn Của Như Ý	EF-T0174	B	LIVING_LORE	UNASSIGNED	OPEN	RESERVOIR_REVIEW	Retain independent local/sect story for close reading; channel is a preliminary editorial suggestion, no event or scene approved.
175	Hộ Vệ Hành Thương	EF-T0175	B	LIVING_LORE	UNASSIGNED	OPEN	RESERVOIR_REVIEW	Retain independent local/sect story for close reading; channel is a preliminary editorial suggestion, no event or scene approved.
176	3 vạn con Ác viên	EF-T0176	B	LIVING_LORE	UNASSIGNED	OPEN	RESERVOIR_REVIEW	Retain independent local/sect story for close reading; channel is a preliminary editorial suggestion, no event or scene approved.
177	Vật Thị Nhân Phi	EF-T0177	B	LIVING_LORE	UNASSIGNED	OPEN	RESERVOIR_REVIEW	Retain independent local/sect story for close reading; channel is a preliminary editorial suggestion, no event or scene approved.
178	Bì Giáp Y	EF-T0178	C	LIVING_LORE	UNASSIGNED	OPEN	REPEAT_LORE_REVIEW	Exclude repeated occurrence, preserve potential labor, economy, medicine or local conflict; repeat flag alone does not erase lore.
179	Cơ Quan Thú Cốt	EF-T0179	C	LIVING_LORE	UNASSIGNED	OPEN	REPEAT_LORE_REVIEW	Exclude repeated occurrence, preserve potential labor, economy, medicine or local conflict; repeat flag alone does not erase lore.
180	Thu Thập Mã Thảo	EF-T0180	C	LIVING_LORE	UNASSIGNED	OPEN	REPEAT_LORE_REVIEW	Exclude repeated occurrence, preserve potential labor, economy, medicine or local conflict; repeat flag alone does not erase lore.
181	Cùng Chống Quan Quân	EF-T0181	C	LIVING_LORE	UNASSIGNED	OPEN	REPEAT_LORE_REVIEW	Exclude repeated occurrence, preserve potential labor, economy, medicine or local conflict; repeat flag alone does not erase lore.
182	Quan Chiến	EF-T0182	C	LIVING_LORE	UNASSIGNED	OPEN	REPEAT_LORE_REVIEW	Exclude repeated occurrence, preserve potential labor, economy, medicine or local conflict; repeat flag alone does not erase lore.
183	Mối Hận Hắc Kỳ	EF-T0183	C	LIVING_LORE	UNASSIGNED	OPEN	REPEAT_LORE_REVIEW	Exclude repeated occurrence, preserve potential labor, economy, medicine or local conflict; repeat flag alone does not erase lore.
184	Hộ Pháp Hồng Kỳ	EF-T0184	C	LIVING_LORE	UNASSIGNED	OPEN	REPEAT_LORE_REVIEW	Exclude repeated occurrence, preserve potential labor, economy, medicine or local conflict; repeat flag alone does not erase lore.
185	Đệ Tử Hoàng Kỳ	EF-T0185	C	LIVING_LORE	UNASSIGNED	OPEN	REPEAT_LORE_REVIEW	Exclude repeated occurrence, preserve potential labor, economy, medicine or local conflict; repeat flag alone does not erase lore.
186	Họa Xà Đồ	EF-T0186	C	LIVING_LORE	UNASSIGNED	OPEN	REPEAT_LORE_REVIEW	Exclude repeated occurrence, preserve potential labor, economy, medicine or local conflict; repeat flag alone does not erase lore.
187	Bức Thư Của Ông Lão	EF-T0187	B	LIVING_LORE	UNASSIGNED	OPEN	RESERVOIR_REVIEW	Retain independent local/sect story for close reading; channel is a preliminary editorial suggestion, no event or scene approved.
188	Vào hang rắn tìm cha	EF-T0188	B	LIVING_LORE	UNASSIGNED	OPEN	RESERVOIR_REVIEW	Retain independent local/sect story for close reading; channel is a preliminary editorial suggestion, no event or scene approved.
189	Trừng Trị Tù Phạm	EF-T0189	C	LIVING_LORE	UNASSIGNED	OPEN	REPEAT_LORE_REVIEW	Exclude repeated occurrence, preserve potential labor, economy, medicine or local conflict; repeat flag alone does not erase lore.
190	Thuyền Cỏ Mượn Tên	EF-T0190	C	LIVING_LORE	UNASSIGNED	OPEN	REPEAT_LORE_REVIEW	Exclude repeated occurrence, preserve potential labor, economy, medicine or local conflict; repeat flag alone does not erase lore.
191	Trưởng Sĩ Binh	EF-T0191	C	LIVING_LORE	UNASSIGNED	OPEN	REPEAT_LORE_REVIEW	Exclude repeated occurrence, preserve potential labor, economy, medicine or local conflict; repeat flag alone does not erase lore.
192	Xuân Tàm Tân Ty	EF-T0192	C	LIVING_LORE	UNASSIGNED	OPEN	REPEAT_LORE_REVIEW	Exclude repeated occurrence, preserve potential labor, economy, medicine or local conflict; repeat flag alone does not erase lore.
193	Tứ Quý Hồi Công Đơn	EF-T0193	C	LIVING_LORE	UNASSIGNED	OPEN	REPEAT_LORE_REVIEW	Exclude repeated occurrence, preserve potential labor, economy, medicine or local conflict; repeat flag alone does not erase lore.
194	Đao Khách Quỵt Nợ	EF-T0194	C	LIVING_LORE	UNASSIGNED	OPEN	REPEAT_LORE_REVIEW	Exclude repeated occurrence, preserve potential labor, economy, medicine or local conflict; repeat flag alone does not erase lore.
197	Chuyện Cũ Thần Châu	EF-T0197	A	LEGENDARY_ECHO	UNASSIGNED	II	TANG_KIEM	Priority recollection bank for autonomous wulin; no new legendary identity or objective legend truth selected.
198	Ma Nữ	EF-T0198	A	LEGENDARY_ECHO	UNASSIGNED	II	TANG_KIEM	Priority recollection bank for autonomous wulin; no new legendary identity or objective legend truth selected.
199	Long Thương	EF-T0199	A	LEGENDARY_ECHO	UNASSIGNED	II	TANG_KIEM	Priority recollection bank for autonomous wulin; no new legendary identity or objective legend truth selected.
200	Cửu Tuyệt	EF-T0200	A	LEGENDARY_ECHO	UNASSIGNED	II	TANG_KIEM	Priority recollection bank for autonomous wulin; no new legendary identity or objective legend truth selected.
201	Tôn Sư	EF-T0201	A	LEGENDARY_ECHO	UNASSIGNED	II	TANG_KIEM	Priority recollection bank for autonomous wulin; no new legendary identity or objective legend truth selected.
202	Chuyện Cũ Giang Hồ	EF-T0202	A	LEGENDARY_ECHO	UNASSIGNED	II	TANG_KIEM	Priority recollection bank for autonomous wulin; no new legendary identity or objective legend truth selected.
203	Nhiệm Vụ Tiếp Dẫn Thiên Vương	EF-SECT-01	B	LIVING_LORE	UNASSIGNED	OPEN	SECT_FAMILY	Preserve institutions, practices and NPC material; strip level/reward loops; select narrative pieces after branch review.
204	Nhiệm Vụ Tiếp Dẫn Cái Bang	EF-SECT-02	B	LIVING_LORE	UNASSIGNED	OPEN	SECT_FAMILY	Preserve institutions, practices and NPC material; strip level/reward loops; select narrative pieces after branch review.
205	Nhiệm Vụ Tiếp Dẫn Ngũ Độc	EF-SECT-03	B	LIVING_LORE	UNASSIGNED	OPEN	SECT_FAMILY	Preserve institutions, practices and NPC material; strip level/reward loops; select narrative pieces after branch review.
206	Nhiệm Vụ Tiếp Dẫn Côn Lôn	EF-SECT-04	B	LIVING_LORE	UNASSIGNED	OPEN	SECT_FAMILY	Preserve institutions, practices and NPC material; strip level/reward loops; select narrative pieces after branch review.
207	Nhiệm Vụ Tiếp Dẫn Võ Đang	EF-SECT-05	B	LIVING_LORE	UNASSIGNED	OPEN	SECT_FAMILY	Preserve institutions, practices and NPC material; strip level/reward loops; select narrative pieces after branch review.
208	Nhiệm Vụ Tiếp Dẫn Thiếu Lâm	EF-SECT-06	B	LIVING_LORE	UNASSIGNED	OPEN	SECT_FAMILY	Preserve institutions, practices and NPC material; strip level/reward loops; select narrative pieces after branch review.
209	Nhiệm Vụ Tiếp Dẫn Thiên Nhẫn	EF-SECT-07	B	LIVING_LORE	UNASSIGNED	OPEN	SECT_FAMILY	Preserve institutions, practices and NPC material; strip level/reward loops; select narrative pieces after branch review.
210	Nhiệm Vụ Tiếp Dẫn Nga My	EF-SECT-08	B	LIVING_LORE	UNASSIGNED	OPEN	SECT_FAMILY	Preserve institutions, practices and NPC material; strip level/reward loops; select narrative pieces after branch review.
211	Nhiệm vụ tiếp dẫn Đường Môn	EF-SECT-09	B	LIVING_LORE	UNASSIGNED	OPEN	SECT_FAMILY	Preserve institutions, practices and NPC material; strip level/reward loops; select narrative pieces after branch review.
212	Nhiệm Vụ Tiếp Dẫn Thúy Yên	EF-SECT-10	B	LIVING_LORE	UNASSIGNED	OPEN	SECT_FAMILY	Preserve institutions, practices and NPC material; strip level/reward loops; select narrative pieces after branch review.
213	Nhiệm Vụ Tiếp Dẫn Minh Giáo	EF-SECT-11	B	LIVING_LORE	UNASSIGNED	OPEN	SECT_FAMILY	Preserve institutions, practices and NPC material; strip level/reward loops; select narrative pieces after branch review.
214	Nhiệm Vụ Tiếp Dẫn Đoàn Thị	EF-SECT-12	B	LIVING_LORE	UNASSIGNED	OPEN	SECT_FAMILY	Preserve institutions, practices and NPC material; strip level/reward loops; select narrative pieces after branch review.
215	Nhiệm Vụ Nghĩa Quân	EF-T0215	B	LIVING_LORE	UNASSIGNED	OPEN	RESERVOIR_REVIEW	Retain independent local/sect story for close reading; channel is a preliminary editorial suggestion, no event or scene approved.
216	Vượt Ải Bạch Hổ Đường	EF-T0216	B	LIVING_LORE	UNASSIGNED	OPEN	RESERVOIR_REVIEW	Retain independent local/sect story for close reading; channel is a preliminary editorial suggestion, no event or scene approved.
217	Tương Dương Lão Binh	EF-T0217	B	LIVING_LORE	UNASSIGNED	OPEN	RESERVOIR_REVIEW	Retain independent local/sect story for close reading; channel is a preliminary editorial suggestion, no event or scene approved.
218	Đấu Lôi Đài	EF-T0218	B	LIVING_LORE	UNASSIGNED	OPEN	RESERVOIR_REVIEW	Retain independent local/sect story for close reading; channel is a preliminary editorial suggestion, no event or scene approved.
219	Nghi Chủng	EF-NGHI-CHUNG	C	LIVING_LORE	UNASSIGNED	OPEN	REPEAT_LORE_REVIEW	Exclude repeated occurrence, preserve potential labor, economy, medicine or local conflict; repeat flag alone does not erase lore.
220	Người Mất Tích	EF-MISSING	C	LIVING_LORE	UNASSIGNED	OPEN	REPEAT_LORE_REVIEW	Exclude repeated occurrence, preserve potential labor, economy, medicine or local conflict; repeat flag alone does not erase lore.
221	Phó Ước	EF-T0221	B	LIVING_LORE	UNASSIGNED	OPEN	RESERVOIR_REVIEW	Retain independent local/sect story for close reading; channel is a preliminary editorial suggestion, no event or scene approved.
222	Tìm Ngựa	EF-T0222	B	LIVING_LORE	UNASSIGNED	OPEN	RESERVOIR_REVIEW	Retain independent local/sect story for close reading; channel is a preliminary editorial suggestion, no event or scene approved.
223	Lão Mặc Nhĩ	EF-T0223	B	LIVING_LORE	UNASSIGNED	OPEN	RESERVOIR_REVIEW	Retain independent local/sect story for close reading; channel is a preliminary editorial suggestion, no event or scene approved.
224	Trốn Chạy	EF-ESCAPE	C	LIVING_LORE	UNASSIGNED	OPEN	REPEAT_LORE_REVIEW	Exclude repeated occurrence, preserve potential labor, economy, medicine or local conflict; repeat flag alone does not erase lore.
225	Hành Trình Mới	EF-T0225	A	WITNESS_RELAY	UNASSIGNED	II	WORLD_EVENT	Preserve substantial source event independently of trio; scene owner and eligible satellite POV not selected.
226	Chuẩn Bị Chiến Sự (Chính tuyến)	EF-PREP-WAR	C	LIVING_LORE	UNASSIGNED	OPEN	REPEAT_LORE_REVIEW	Exclude repeated occurrence, preserve potential labor, economy, medicine or local conflict; repeat flag alone does not erase lore.
227	Bị Chiến Nhật Thường (Hằng ngày)	EF-PREP-WAR	C	LIVING_LORE	UNASSIGNED	OPEN	REPEAT_LORE_REVIEW	Exclude repeated occurrence, preserve potential labor, economy, medicine or local conflict; repeat flag alone does not erase lore.
228	Thao Luyện Tân Quân	EF-T0228	A	WITNESS_RELAY	UNASSIGNED	OPEN	WORLD_EVENT	Preserve substantial source event independently of trio; scene owner and eligible satellite POV not selected.
229	Tôn Tử Binh Pháp (cấp 90)	EF-T0229	C	LIVING_LORE	UNASSIGNED	OPEN	REPEAT_LORE_REVIEW	Exclude repeated occurrence, preserve potential labor, economy, medicine or local conflict; repeat flag alone does not erase lore.
230	Mặc Gia Cơ Quan Thuật (cấp 90)	EF-T0230	C	LIVING_LORE	UNASSIGNED	OPEN	REPEAT_LORE_REVIEW	Exclude repeated occurrence, preserve potential labor, economy, medicine or local conflict; repeat flag alone does not erase lore.
231	Vì Nước Vì Dân	EF-T0231	A	DOCUMENT_TRACE	UNASSIGNED	III	POLITICAL_BANK	Source-graph political cluster; NPC-led event, choose actual witness and private knowledge only after evidence review.
232	Tân Triều Dương Quang	EF-T0232	A	DOCUMENT_TRACE	UNASSIGNED	III	POLITICAL_BANK	Source-graph political cluster; NPC-led event, choose actual witness and private knowledge only after evidence review.
233	Tấm Lòng Ngay Thẳng	EF-T0233	A	DOCUMENT_TRACE	UNASSIGNED	III	POLITICAL_BANK	Source-graph political cluster; NPC-led event, choose actual witness and private knowledge only after evidence review.
234	Tuần Giảng Số Nhật	EF-T0234	A	DOCUMENT_TRACE	UNASSIGNED	III	POLITICAL_BANK	Source-graph political cluster; NPC-led event, choose actual witness and private knowledge only after evidence review.
235	Lòng Người Khó Đoán	EF-T0235	A	DOCUMENT_TRACE	UNASSIGNED	III	POLITICAL_BANK	Source-graph political cluster; NPC-led event, choose actual witness and private knowledge only after evidence review.
236	Sơn Vũ Dục Lai	EF-T0236	A	DOCUMENT_TRACE	UNASSIGNED	III	POLITICAL_BANK	Source-graph political cluster; NPC-led event, choose actual witness and private knowledge only after evidence review.
237	Quyết Chiến Một Trận	EF-T0237	A	DOCUMENT_TRACE	UNASSIGNED	III	POLITICAL_BANK	Source-graph political cluster; NPC-led event, choose actual witness and private knowledge only after evidence review.
238	Nhất Niệm Chi Nhân	EF-T0238	A	DOCUMENT_TRACE	UNASSIGNED	III	POLITICAL_BANK	Source-graph political cluster; NPC-led event, choose actual witness and private knowledge only after evidence review.
239	Thắng Bại Chưa Rõ	EF-T0239	A	DOCUMENT_TRACE	UNASSIGNED	III	POLITICAL_BANK	Source-graph political cluster; NPC-led event, choose actual witness and private knowledge only after evidence review.
240	Khánh Nguyên Đảng Cấm	EF-T0240	A	DOCUMENT_TRACE	UNASSIGNED	III	POLITICAL_BANK	Source-graph political cluster; NPC-led event, choose actual witness and private knowledge only after evidence review.
241	Câu Chuyện Trường Ca	EF-T0241	A	DOCUMENT_TRACE	UNASSIGNED	III	POLITICAL_BANK	Source-graph political cluster; NPC-led event, choose actual witness and private knowledge only after evidence review.
242	Trường Ca Tam Kiệt	EF-T0242	A	DOCUMENT_TRACE	UNASSIGNED	III	POLITICAL_BANK	Source-graph political cluster; NPC-led event, choose actual witness and private knowledge only after evidence review.
243	Thăm Dò Thát Đát	EF-T0243	A	DOCUMENT_TRACE	UNASSIGNED	III	POLITICAL_BANK	Source-graph political cluster; NPC-led event, choose actual witness and private knowledge only after evidence review.
244	Thảo Nguyên Anh Hùng	EF-T0244	A	DOCUMENT_TRACE	UNASSIGNED	III	POLITICAL_BANK	Source-graph political cluster; NPC-led event, choose actual witness and private knowledge only after evidence review.
245	Sứ Giả Kim Quốc	EF-T0245	A	DOCUMENT_TRACE	UNASSIGNED	III	POLITICAL_BANK	Source-graph political cluster; NPC-led event, choose actual witness and private knowledge only after evidence review.
246	Cố Liêu Kỳ Tài	EF-T0246	A	DOCUMENT_TRACE	UNASSIGNED	III	POLITICAL_BANK	Source-graph political cluster; NPC-led event, choose actual witness and private knowledge only after evidence review.
247	Công Phòng Tính Cử	EF-T0247	A	DOCUMENT_TRACE	UNASSIGNED	III	POLITICAL_BANK	Source-graph political cluster; NPC-led event, choose actual witness and private knowledge only after evidence review.
248	Giới Hào Phương Bắc	EF-T0248	A	DOCUMENT_TRACE	UNASSIGNED	III	POLITICAL_BANK	Source-graph political cluster; NPC-led event, choose actual witness and private knowledge only after evidence review.
249	Phân Tiến Hợp Kích	EF-T0249	A	DOCUMENT_TRACE	UNASSIGNED	III	POLITICAL_BANK	Source-graph political cluster; NPC-led event, choose actual witness and private knowledge only after evidence review.
250	Kỵ Binh Dũng Mãnh	EF-T0250	A	DOCUMENT_TRACE	UNASSIGNED	III	POLITICAL_BANK	Source-graph political cluster; NPC-led event, choose actual witness and private knowledge only after evidence review.
251	Hạ Chủ Hoàn Tông	EF-T0251	A	DOCUMENT_TRACE	UNASSIGNED	III	POLITICAL_BANK	Source-graph political cluster; NPC-led event, choose actual witness and private knowledge only after evidence review.
252	Dã Tâm To Lớn	EF-T0252	A	DOCUMENT_TRACE	UNASSIGNED	III	POLITICAL_BANK	Source-graph political cluster; NPC-led event, choose actual witness and private knowledge only after evidence review.
253	Trấn Di quận vương	EF-T0253	A	DOCUMENT_TRACE	UNASSIGNED	III	POLITICAL_BANK	Source-graph political cluster; NPC-led event, choose actual witness and private knowledge only after evidence review.
254	Lệ Binh Mạt Mã	EF-T0254	A	DOCUMENT_TRACE	UNASSIGNED	III	POLITICAL_BANK	Source-graph political cluster; NPC-led event, choose actual witness and private knowledge only after evidence review.
255	Thu Phục Mã Tặc	EF-T0255	A	DOCUMENT_TRACE	UNASSIGNED	III	POLITICAL_BANK	Source-graph political cluster; NPC-led event, choose actual witness and private knowledge only after evidence review.
256	Yêu Đạo Huyền Hiệp	EF-T0256	A	DOCUMENT_TRACE	UNASSIGNED	III	POLITICAL_BANK	Source-graph political cluster; NPC-led event, choose actual witness and private knowledge only after evidence review.
257	Nhân Sinh Vô Thường	EF-T0257	A	DOCUMENT_TRACE	UNASSIGNED	III	POLITICAL_BANK	Source-graph political cluster; NPC-led event, choose actual witness and private knowledge only after evidence review.
258	Biên Quản Đạo Châu	EF-T0258	A	DOCUMENT_TRACE	UNASSIGNED	III	POLITICAL_BANK	Source-graph political cluster; NPC-led event, choose actual witness and private knowledge only after evidence review.
259	Biên Luyện Sứ	EF-T0259	A	DOCUMENT_TRACE	UNASSIGNED	III	POLITICAL_BANK	Source-graph political cluster; NPC-led event, choose actual witness and private knowledge only after evidence review.
260	Binh Huyết	EF-T0260	A	DOCUMENT_TRACE	UNASSIGNED	III	POLITICAL_BANK	Source-graph political cluster; NPC-led event, choose actual witness and private knowledge only after evidence review.
261	Doanh Tiêu	EF-T0261	A	DOCUMENT_TRACE	UNASSIGNED	III	POLITICAL_BANK	Source-graph political cluster; NPC-led event, choose actual witness and private knowledge only after evidence review.
262	Vũ Tiết Lang	EF-T0262	A	DOCUMENT_TRACE	UNASSIGNED	III	POLITICAL_BANK	Source-graph political cluster; NPC-led event, choose actual witness and private knowledge only after evidence review.
263	Diệu Kế Bổ Đạo	EF-T0263	A	DOCUMENT_TRACE	UNASSIGNED	III	POLITICAL_BANK	Source-graph political cluster; NPC-led event, choose actual witness and private knowledge only after evidence review.
264	Lấy Một Địch Trăm	EF-T0264	A	DOCUMENT_TRACE	UNASSIGNED	III	POLITICAL_BANK	Source-graph political cluster; NPC-led event, choose actual witness and private knowledge only after evidence review.
265	Dũng Sĩ Hứa Tuấn	EF-T0265	A	DOCUMENT_TRACE	UNASSIGNED	III	POLITICAL_BANK	Source-graph political cluster; NPC-led event, choose actual witness and private knowledge only after evidence review.
266	Vong Mệnh Chi Đồ	EF-T0266	A	DOCUMENT_TRACE	UNASSIGNED	III	POLITICAL_BANK	Source-graph political cluster; NPC-led event, choose actual witness and private knowledge only after evidence review.
267	Chung Hữu Nhất Tử	EF-T0267	A	DOCUMENT_TRACE	UNASSIGNED	III	POLITICAL_BANK	Source-graph political cluster; NPC-led event, choose actual witness and private knowledge only after evidence review.
268	Túi Quân Hưởng (Cấp 90)	EF-QUAN-HUONG	C	LIVING_LORE	UNASSIGNED	OPEN	REPEAT_LORE_REVIEW	Exclude repeated occurrence, preserve potential labor, economy, medicine or local conflict; repeat flag alone does not erase lore.
269	Thủ Lĩnh Lâu La	EF-T0269	C	LIVING_LORE	UNASSIGNED	OPEN	REPEAT_LORE_REVIEW	Exclude repeated occurrence, preserve potential labor, economy, medicine or local conflict; repeat flag alone does not erase lore.
270	Thủ Lĩnh Giám Công	EF-T0270	C	LIVING_LORE	UNASSIGNED	OPEN	REPEAT_LORE_REVIEW	Exclude repeated occurrence, preserve potential labor, economy, medicine or local conflict; repeat flag alone does not erase lore.
271	Thợ Cả	EF-T0271	C	LIVING_LORE	UNASSIGNED	OPEN	REPEAT_LORE_REVIEW	Exclude repeated occurrence, preserve potential labor, economy, medicine or local conflict; repeat flag alone does not erase lore.
272	Thợ Săn Dã Nhân	EF-T0272	C	LIVING_LORE	UNASSIGNED	OPEN	REPEAT_LORE_REVIEW	Exclude repeated occurrence, preserve potential labor, economy, medicine or local conflict; repeat flag alone does not erase lore.
273	Trừng Trị Giám Công	EF-T0273	C	LIVING_LORE	UNASSIGNED	OPEN	REPEAT_LORE_REVIEW	Exclude repeated occurrence, preserve potential labor, economy, medicine or local conflict; repeat flag alone does not erase lore.
274	Bạo Lực Man Diên	EF-T0274	C	LIVING_LORE	UNASSIGNED	OPEN	REPEAT_LORE_REVIEW	Exclude repeated occurrence, preserve potential labor, economy, medicine or local conflict; repeat flag alone does not erase lore.
275	Quân Doanh Bổ Cấp	EF-T0275	C	LIVING_LORE	UNASSIGNED	OPEN	REPEAT_LORE_REVIEW	Exclude repeated occurrence, preserve potential labor, economy, medicine or local conflict; repeat flag alone does not erase lore.
276	Bức Thư Nhà	EF-T0276	C	LIVING_LORE	UNASSIGNED	OPEN	REPEAT_LORE_REVIEW	Exclude repeated occurrence, preserve potential labor, economy, medicine or local conflict; repeat flag alone does not erase lore.
277	Diệt Trừ Chuột Núi	EF-T0277	C	LIVING_LORE	UNASSIGNED	OPEN	REPEAT_LORE_REVIEW	Exclude repeated occurrence, preserve potential labor, economy, medicine or local conflict; repeat flag alone does not erase lore.
278	Hái Thuốc	EF-T0278	C	LIVING_LORE	UNASSIGNED	OPEN	REPEAT_LORE_REVIEW	Exclude repeated occurrence, preserve potential labor, economy, medicine or local conflict; repeat flag alone does not erase lore.
279	Tìm Nghĩa Quân	EF-T0279	C	LIVING_LORE	UNASSIGNED	OPEN	REPEAT_LORE_REVIEW	Exclude repeated occurrence, preserve potential labor, economy, medicine or local conflict; repeat flag alone does not erase lore.
280	Câu Cá	EF-T0280	C	LIVING_LORE	UNASSIGNED	OPEN	REPEAT_LORE_REVIEW	Exclude repeated occurrence, preserve potential labor, economy, medicine or local conflict; repeat flag alone does not erase lore.
281	Tuyết Hồn Châu	EF-T0281	C	LIVING_LORE	UNASSIGNED	OPEN	REPEAT_LORE_REVIEW	Exclude repeated occurrence, preserve potential labor, economy, medicine or local conflict; repeat flag alone does not erase lore.
282	Chi Lan	EF-T0282	C	LIVING_LORE	UNASSIGNED	OPEN	REPEAT_LORE_REVIEW	Exclude repeated occurrence, preserve potential labor, economy, medicine or local conflict; repeat flag alone does not erase lore.
283	Bạch Cốt Chùy	EF-T0283	C	LIVING_LORE	UNASSIGNED	OPEN	REPEAT_LORE_REVIEW	Exclude repeated occurrence, preserve potential labor, economy, medicine or local conflict; repeat flag alone does not erase lore.
284	Tiền Xu Cổ	EF-T0284	C	LIVING_LORE	UNASSIGNED	OPEN	REPEAT_LORE_REVIEW	Exclude repeated occurrence, preserve potential labor, economy, medicine or local conflict; repeat flag alone does not erase lore.
285	Tim Cá Sấu Chúa	EF-T0285	C	LIVING_LORE	UNASSIGNED	OPEN	REPEAT_LORE_REVIEW	Exclude repeated occurrence, preserve potential labor, economy, medicine or local conflict; repeat flag alone does not erase lore.
286	Hoa Tặc	EF-T0286	C	LIVING_LORE	UNASSIGNED	OPEN	REPEAT_LORE_REVIEW	Exclude repeated occurrence, preserve potential labor, economy, medicine or local conflict; repeat flag alone does not erase lore.
287	Nhị Đương Gia	EF-T0287	C	LIVING_LORE	UNASSIGNED	OPEN	REPEAT_LORE_REVIEW	Exclude repeated occurrence, preserve potential labor, economy, medicine or local conflict; repeat flag alone does not erase lore.
288	Trừng Phạt	EF-T0288	C	LIVING_LORE	UNASSIGNED	OPEN	REPEAT_LORE_REVIEW	Exclude repeated occurrence, preserve potential labor, economy, medicine or local conflict; repeat flag alone does not erase lore.
289	Tiên Nhũ Linh Thạch	EF-T0289	C	LIVING_LORE	UNASSIGNED	OPEN	REPEAT_LORE_REVIEW	Exclude repeated occurrence, preserve potential labor, economy, medicine or local conflict; repeat flag alone does not erase lore.
290	Luyện Võ (Sơ)	EF-T0290	C	LIVING_LORE	UNASSIGNED	OPEN	REPEAT_LORE_REVIEW	Exclude repeated occurrence, preserve potential labor, economy, medicine or local conflict; repeat flag alone does not erase lore.
291	Gặp Họa	EF-T0291	A	DOCUMENT_TRACE	UNASSIGNED	III	POLITICAL_BANK	Source-graph political cluster; NPC-led event, choose actual witness and private knowledge only after evidence review.
292	Nghìn Cân Treo Sợi Tóc	EF-T0292	A	DOCUMENT_TRACE	UNASSIGNED	III	POLITICAL_BANK	Source-graph political cluster; NPC-led event, choose actual witness and private knowledge only after evidence review.
293	Lang Bạt Kỳ Hồ	EF-T0293	A	DOCUMENT_TRACE	UNASSIGNED	III	POLITICAL_BANK	Source-graph political cluster; NPC-led event, choose actual witness and private knowledge only after evidence review.
294	Man Thiên Quá Hải	EF-T0294	A	DOCUMENT_TRACE	UNASSIGNED	III	POLITICAL_BANK	Source-graph political cluster; NPC-led event, choose actual witness and private knowledge only after evidence review.
295	Tại Thủy Nhất Phương	EF-T0295	A	DOCUMENT_TRACE	UNASSIGNED	III	POLITICAL_BANK	Source-graph political cluster; NPC-led event, choose actual witness and private knowledge only after evidence review.
296	Mưa Thuận Gió Hòa	EF-T0296	A	DOCUMENT_TRACE	UNASSIGNED	III	POLITICAL_BANK	Source-graph political cluster; NPC-led event, choose actual witness and private knowledge only after evidence review.
297	Nhiệm Trọng Đạo Viễn	EF-T0297	A	DOCUMENT_TRACE	UNASSIGNED	III	POLITICAL_BANK	Source-graph political cluster; NPC-led event, choose actual witness and private knowledge only after evidence review.
298	Ám Lưu Dũng Động	EF-T0298	A	DOCUMENT_TRACE	UNASSIGNED	III	POLITICAL_BANK	Source-graph political cluster; NPC-led event, choose actual witness and private knowledge only after evidence review.
299	Thập Vạn Hỏa Cấp	EF-T0299	A	DOCUMENT_TRACE	UNASSIGNED	III	POLITICAL_BANK	Source-graph political cluster; NPC-led event, choose actual witness and private knowledge only after evidence review.
300	Binh Nhung Tương Kiến	EF-T0300	A	DOCUMENT_TRACE	UNASSIGNED	III	POLITICAL_BANK	Source-graph political cluster; NPC-led event, choose actual witness and private knowledge only after evidence review.
301	Túy Tăng	EF-TUY-TANG	C	LIVING_LORE	UNASSIGNED	OPEN	REPEAT_LORE_REVIEW	Exclude repeated occurrence, preserve potential labor, economy, medicine or local conflict; repeat flag alone does not erase lore.
302	Luyện Võ (Trung)	EF-T0302	C	LIVING_LORE	UNASSIGNED	OPEN	REPEAT_LORE_REVIEW	Exclude repeated occurrence, preserve potential labor, economy, medicine or local conflict; repeat flag alone does not erase lore.
303	Tiền Tiêu	EF-T0303	B	LIVING_LORE	UNASSIGNED	OPEN	RESERVOIR_REVIEW	Retain independent local/sect story for close reading; channel is a preliminary editorial suggestion, no event or scene approved.
304	Trùng Dương Cố Cư	EF-T0304	B	LIVING_LORE	UNASSIGNED	OPEN	RESERVOIR_REVIEW	Retain independent local/sect story for close reading; channel is a preliminary editorial suggestion, no event or scene approved.
305	Tiêu Diệt Hắc Phong Trại	EF-T0305	B	LIVING_LORE	UNASSIGNED	OPEN	RESERVOIR_REVIEW	Retain independent local/sect story for close reading; channel is a preliminary editorial suggestion, no event or scene approved.
306	Đại Vũ Đài	EF-T0306	B	LIVING_LORE	UNASSIGNED	OPEN	RESERVOIR_REVIEW	Retain independent local/sect story for close reading; channel is a preliminary editorial suggestion, no event or scene approved.
307	Phục Ngưu Sơn Trang	EF-T0307	B	LIVING_LORE	UNASSIGNED	OPEN	RESERVOIR_REVIEW	Retain independent local/sect story for close reading; channel is a preliminary editorial suggestion, no event or scene approved.
308	Thế Chân Vạc	EF-T0308	B	LIVING_LORE	UNASSIGNED	OPEN	RESERVOIR_REVIEW	Retain independent local/sect story for close reading; channel is a preliminary editorial suggestion, no event or scene approved.
309	Thần Thú Xi Vưu	EF-T0309	B	LIVING_LORE	UNASSIGNED	OPEN	RESERVOIR_REVIEW	Retain independent local/sect story for close reading; channel is a preliminary editorial suggestion, no event or scene approved.
310	Nội Gián	EF-T0310	B	LIVING_LORE	UNASSIGNED	OPEN	RESERVOIR_REVIEW	Retain independent local/sect story for close reading; channel is a preliminary editorial suggestion, no event or scene approved.
311	Vụ Mất Tích Bí Ẩn	EF-T0311	B	LIVING_LORE	UNASSIGNED	OPEN	RESERVOIR_REVIEW	Retain independent local/sect story for close reading; channel is a preliminary editorial suggestion, no event or scene approved.
312	Trộm Đêm	EF-T0312	B	LIVING_LORE	UNASSIGNED	OPEN	RESERVOIR_REVIEW	Retain independent local/sect story for close reading; channel is a preliminary editorial suggestion, no event or scene approved.
313	Tuyệt Sát Chi Kiếp	EF-T0313	B	LIVING_LORE	UNASSIGNED	OPEN	RESERVOIR_REVIEW	Retain independent local/sect story for close reading; channel is a preliminary editorial suggestion, no event or scene approved.
314	Phương Thảo Mê Tung	EF-T0314	B	LIVING_LORE	UNASSIGNED	OPEN	RESERVOIR_REVIEW	Retain independent local/sect story for close reading; channel is a preliminary editorial suggestion, no event or scene approved.
315	Thâm Nhập Cổ Huyệt	EF-T0315	B	LIVING_LORE	UNASSIGNED	OPEN	RESERVOIR_REVIEW	Retain independent local/sect story for close reading; channel is a preliminary editorial suggestion, no event or scene approved.
316	Cổ Thuật Thần Bí	EF-T0316	B	LIVING_LORE	UNASSIGNED	OPEN	RESERVOIR_REVIEW	Retain independent local/sect story for close reading; channel is a preliminary editorial suggestion, no event or scene approved.
317	Cải Tử Hồi Sinh	EF-T0317	B	LIVING_LORE	UNASSIGNED	OPEN	RESERVOIR_REVIEW	Retain independent local/sect story for close reading; channel is a preliminary editorial suggestion, no event or scene approved.
318	Hổ Khẩu Lịch Hiểm	EF-T0318	B	LIVING_LORE	UNASSIGNED	OPEN	RESERVOIR_REVIEW	Retain independent local/sect story for close reading; channel is a preliminary editorial suggestion, no event or scene approved.
319	Trừng Trị Tham Quan	EF-T0319	B	LIVING_LORE	UNASSIGNED	OPEN	RESERVOIR_REVIEW	Retain independent local/sect story for close reading; channel is a preliminary editorial suggestion, no event or scene approved.
320	Phong Vũ Tiền Dạ	EF-T0320	B	LIVING_LORE	UNASSIGNED	OPEN	RESERVOIR_REVIEW	Retain independent local/sect story for close reading; channel is a preliminary editorial suggestion, no event or scene approved.
321	Ô Man Chi Chướng	EF-T0321	B	LIVING_LORE	UNASSIGNED	OPEN	RESERVOIR_REVIEW	Retain independent local/sect story for close reading; channel is a preliminary editorial suggestion, no event or scene approved.
322	Bỉ Ngạn Phương Hoa	EF-T0322	B	LIVING_LORE	UNASSIGNED	OPEN	RESERVOIR_REVIEW	Retain independent local/sect story for close reading; channel is a preliminary editorial suggestion, no event or scene approved.
323	Mật thám Tát Mãn Giáo	EF-T0323	B	LIVING_LORE	UNASSIGNED	OPEN	RESERVOIR_REVIEW	Retain independent local/sect story for close reading; channel is a preliminary editorial suggestion, no event or scene approved.
324	Hắc Mễ Oa Oa	EF-T0324	B	LIVING_LORE	UNASSIGNED	OPEN	RESERVOIR_REVIEW	Retain independent local/sect story for close reading; channel is a preliminary editorial suggestion, no event or scene approved.
325	Thu Thí Văn Khảo	EF-T0325	B	LIVING_LORE	UNASSIGNED	OPEN	RESERVOIR_REVIEW	Retain independent local/sect story for close reading; channel is a preliminary editorial suggestion, no event or scene approved.
326	Tình Ý Vô Giá	EF-T0326	B	LIVING_LORE	UNASSIGNED	OPEN	RESERVOIR_REVIEW	Retain independent local/sect story for close reading; channel is a preliminary editorial suggestion, no event or scene approved.
327	Thiện Ác Hữu Báo	EF-T0327	B	LIVING_LORE	UNASSIGNED	OPEN	RESERVOIR_REVIEW	Retain independent local/sect story for close reading; channel is a preliminary editorial suggestion, no event or scene approved.
328	Giải Cứu Thương Khách	EF-T0328	B	LIVING_LORE	UNASSIGNED	OPEN	RESERVOIR_REVIEW	Retain independent local/sect story for close reading; channel is a preliminary editorial suggestion, no event or scene approved.
329	Khương Thị Phụ Tử	EF-T0329	B	LIVING_LORE	UNASSIGNED	OPEN	RESERVOIR_REVIEW	Retain independent local/sect story for close reading; channel is a preliminary editorial suggestion, no event or scene approved.
330	Thử Hận Miên Miên	EF-T0330	B	LIVING_LORE	UNASSIGNED	OPEN	RESERVOIR_REVIEW	Retain independent local/sect story for close reading; channel is a preliminary editorial suggestion, no event or scene approved.
331	Lòng Người Khó Lường	EF-T0331	B	LIVING_LORE	UNASSIGNED	OPEN	RESERVOIR_REVIEW	Retain independent local/sect story for close reading; channel is a preliminary editorial suggestion, no event or scene approved.
332	Cẩm Nang Thần Bí	EF-T0332	A	WITNESS_RELAY	UNASSIGNED	IV	WORLD_EVENT	Preserve substantial source event independently of trio; scene owner and eligible satellite POV not selected.
333	Cổ Họa (Hằng ngày - Sơ)	EF-CO-HOA	B	LEGENDARY_ECHO	UNASSIGNED	OPEN	VARIANT_LORE	Keep lore premise; daily/main/level rows are variants, not repeated historical occurrences.
334	Cổ Họa (Hằng ngày)	EF-CO-HOA	B	LEGENDARY_ECHO	UNASSIGNED	OPEN	VARIANT_LORE	Keep lore premise; daily/main/level rows are variants, not repeated historical occurrences.
335	Cấm Địa (Sơ)	EF-CAM-DIA	C	LIVING_LORE	UNASSIGNED	OPEN	REPEAT_LORE_REVIEW	Exclude repeated occurrence, preserve potential labor, economy, medicine or local conflict; repeat flag alone does not erase lore.
336	Cấm Địa (trung)	EF-CAM-DIA	C	LIVING_LORE	UNASSIGNED	OPEN	REPEAT_LORE_REVIEW	Exclude repeated occurrence, preserve potential labor, economy, medicine or local conflict; repeat flag alone does not erase lore.
337	Cổ Họa (Chính tuyến - Sơ)	EF-CO-HOA	B	LEGENDARY_ECHO	UNASSIGNED	OPEN	VARIANT_LORE	Keep lore premise; daily/main/level rows are variants, not repeated historical occurrences.
338	Cổ Họa (Chính tuyến)	EF-CO-HOA	B	LEGENDARY_ECHO	UNASSIGNED	OPEN	VARIANT_LORE	Keep lore premise; daily/main/level rows are variants, not repeated historical occurrences.
339	"""Bách Xích Kinh"""	EF-T0339	B	LIVING_LORE	UNASSIGNED	OPEN	RESERVOIR_REVIEW	Retain independent local/sect story for close reading; channel is a preliminary editorial suggestion, no event or scene approved.
340	Võ Mục Di Thư (cấp 110)	EF-T0340	C	LIVING_LORE	UNASSIGNED	OPEN	REPEAT_LORE_REVIEW	Exclude repeated occurrence, preserve potential labor, economy, medicine or local conflict; repeat flag alone does not erase lore.
341	Quỷ Cốc Đạo Thuật (cấp 110)	EF-T0341	C	LIVING_LORE	UNASSIGNED	OPEN	REPEAT_LORE_REVIEW	Exclude repeated occurrence, preserve potential labor, economy, medicine or local conflict; repeat flag alone does not erase lore.
342	Chúc tết	EF-T0342	C	EXCLUDE_GAMEPLAY	UNASSIGNED	OPEN	UTILITY_REVIEW	Provisional omission of tutorial/live-event wrapper; retain source for any reusable social material.
343	Túi Quân Hưởng (cấp 110)	EF-QUAN-HUONG	C	LIVING_LORE	UNASSIGNED	OPEN	REPEAT_LORE_REVIEW	Exclude repeated occurrence, preserve potential labor, economy, medicine or local conflict; repeat flag alone does not erase lore.
344	Sư Đồ Truyền Công	EF-T0344	C	LIVING_LORE	UNASSIGNED	OPEN	REPEAT_LORE_REVIEW	Exclude repeated occurrence, preserve potential labor, economy, medicine or local conflict; repeat flag alone does not erase lore.
345	Nghi Chủng - Đồng Đội	EF-NGHI-CHUNG	C	LIVING_LORE	UNASSIGNED	OPEN	REPEAT_LORE_REVIEW	Exclude repeated occurrence, preserve potential labor, economy, medicine or local conflict; repeat flag alone does not erase lore.
346	Người Mất Tích - đồng đội	EF-MISSING	C	LIVING_LORE	UNASSIGNED	OPEN	REPEAT_LORE_REVIEW	Exclude repeated occurrence, preserve potential labor, economy, medicine or local conflict; repeat flag alone does not erase lore.
347	Trốn Chạy - đồng đội	EF-ESCAPE	C	LIVING_LORE	UNASSIGNED	OPEN	REPEAT_LORE_REVIEW	Exclude repeated occurrence, preserve potential labor, economy, medicine or local conflict; repeat flag alone does not erase lore.
348	Túy Tăng - đồng đội	EF-TUY-TANG	C	LIVING_LORE	UNASSIGNED	OPEN	REPEAT_LORE_REVIEW	Exclude repeated occurrence, preserve potential labor, economy, medicine or local conflict; repeat flag alone does not erase lore.
349	Trở Lại	EF-T0349	C	EXCLUDE_GAMEPLAY	UNASSIGNED	OPEN	UTILITY_REVIEW	Provisional omission of tutorial/live-event wrapper; retain source for any reusable social material.
350	Giúp Bằng Hữu Trở Lại	EF-T0350	C	EXCLUDE_GAMEPLAY	UNASSIGNED	OPEN	UTILITY_REVIEW	Provisional omission of tutorial/live-event wrapper; retain source for any reusable social material.
351	Hướng Dẫn Tranh Đoạt Lãnh Thổ	EF-T0351	C	EXCLUDE_GAMEPLAY	UNASSIGNED	OPEN	UTILITY_REVIEW	Provisional omission of tutorial/live-event wrapper; retain source for any reusable social material.
352	Du Long Kinh Phượng	EF-T0352	A	WITNESS_RELAY	UNASSIGNED	IV	WORLD_EVENT	Preserve substantial source event independently of trio; scene owner and eligible satellite POV not selected.
353	Bố Y Tình	EF-T0353	B	LIVING_LORE	UNASSIGNED	OPEN	RESERVOIR_REVIEW	Retain independent local/sect story for close reading; channel is a preliminary editorial suggestion, no event or scene approved.
354	Lão Từ Sám Hối	EF-T0354	B	LIVING_LORE	UNASSIGNED	OPEN	RESERVOIR_REVIEW	Retain independent local/sect story for close reading; channel is a preliminary editorial suggestion, no event or scene approved.
355	Kim Lô Chùy	EF-T0355	B	LIVING_LORE	UNASSIGNED	OPEN	RESERVOIR_REVIEW	Retain independent local/sect story for close reading; channel is a preliminary editorial suggestion, no event or scene approved.
356	Tâm Ý Người Say	EF-T0356	B	LIVING_LORE	UNASSIGNED	OPEN	RESERVOIR_REVIEW	Retain independent local/sect story for close reading; channel is a preliminary editorial suggestion, no event or scene approved.
357	Mong Bình An	EF-T0357	B	LIVING_LORE	UNASSIGNED	OPEN	RESERVOIR_REVIEW	Retain independent local/sect story for close reading; channel is a preliminary editorial suggestion, no event or scene approved.
358	Hồ Tiên Chú	EF-T0358	B	LIVING_LORE	UNASSIGNED	OPEN	RESERVOIR_REVIEW	Retain independent local/sect story for close reading; channel is a preliminary editorial suggestion, no event or scene approved.
359	Kẻ Khờ Yêu	EF-T0359	B	LIVING_LORE	UNASSIGNED	OPEN	RESERVOIR_REVIEW	Retain independent local/sect story for close reading; channel is a preliminary editorial suggestion, no event or scene approved.
360	Cứu Đan Bích Tú	EF-T0360	B	LIVING_LORE	UNASSIGNED	OPEN	RESERVOIR_REVIEW	Retain independent local/sect story for close reading; channel is a preliminary editorial suggestion, no event or scene approved.
361	Áo Ấm Mùa Đông	EF-T0361	B	LIVING_LORE	UNASSIGNED	OPEN	RESERVOIR_REVIEW	Retain independent local/sect story for close reading; channel is a preliminary editorial suggestion, no event or scene approved.
362	Sinh Tử Tương Giao	EF-T0362	B	LIVING_LORE	UNASSIGNED	OPEN	RESERVOIR_REVIEW	Retain independent local/sect story for close reading; channel is a preliminary editorial suggestion, no event or scene approved.
363	Hải Lăng Vương Mộ-Chính tuyến (cấp 90)	EF-HAI-LANG	B	LEGENDARY_ECHO	UNASSIGNED	OPEN	VARIANT_LORE	Keep lore premise; daily/main/level rows are variants, not repeated historical occurrences.
364	Hải Lăng Vương Mộ-Hằng ngày (cấp 90)	EF-HAI-LANG	B	LEGENDARY_ECHO	UNASSIGNED	OPEN	VARIANT_LORE	Keep lore premise; daily/main/level rows are variants, not repeated historical occurrences.
365	Hải Lăng Vương Mộ-Chính tuyến  (cấp 110)	EF-HAI-LANG	B	LEGENDARY_ECHO	UNASSIGNED	OPEN	VARIANT_LORE	Keep lore premise; daily/main/level rows are variants, not repeated historical occurrences.
366	Hải Lăng Vương Mộ-Hằng ngày (cấp 110)	EF-HAI-LANG	B	LEGENDARY_ECHO	UNASSIGNED	OPEN	VARIANT_LORE	Keep lore premise; daily/main/level rows are variants, not repeated historical occurrences.
367	Hải Lăng Vương Mộ (Chính tuyến)	EF-HAI-LANG	B	LEGENDARY_ECHO	UNASSIGNED	OPEN	VARIANT_LORE	Keep lore premise; daily/main/level rows are variants, not repeated historical occurrences.
368	Hải Lăng Vương Mộ (Hằng ngày)	EF-HAI-LANG	B	LEGENDARY_ECHO	UNASSIGNED	OPEN	VARIANT_LORE	Keep lore premise; daily/main/level rows are variants, not repeated historical occurrences.
369	Bàn Cờ Tướng (cấp 90)	EF-CHESS	C	LIVING_LORE	UNASSIGNED	OPEN	REPEAT_LORE_REVIEW	Exclude repeated occurrence, preserve potential labor, economy, medicine or local conflict; repeat flag alone does not erase lore.
370	Bàn Cờ Tướng (cấp 110)	EF-CHESS	C	LIVING_LORE	UNASSIGNED	OPEN	REPEAT_LORE_REVIEW	Exclude repeated occurrence, preserve potential labor, economy, medicine or local conflict; repeat flag alone does not erase lore.
371	Bàn Cờ Tướng (cấp 130)	EF-CHESS	C	LIVING_LORE	UNASSIGNED	OPEN	REPEAT_LORE_REVIEW	Exclude repeated occurrence, preserve potential labor, economy, medicine or local conflict; repeat flag alone does not erase lore.
372	Ảo Ảnh (cấp 90)	EF-ILLUSION	C	LIVING_LORE	UNASSIGNED	OPEN	REPEAT_LORE_REVIEW	Exclude repeated occurrence, preserve potential labor, economy, medicine or local conflict; repeat flag alone does not erase lore.
373	Ảo Ảnh (cấp 110)	EF-ILLUSION	C	LIVING_LORE	UNASSIGNED	OPEN	REPEAT_LORE_REVIEW	Exclude repeated occurrence, preserve potential labor, economy, medicine or local conflict; repeat flag alone does not erase lore.
374	Ảo Ảnh (cấp 130)	EF-ILLUSION	C	LIVING_LORE	UNASSIGNED	OPEN	REPEAT_LORE_REVIEW	Exclude repeated occurrence, preserve potential labor, economy, medicine or local conflict; repeat flag alone does not erase lore.
375	Truy Bắt Lưu Nhất Bán (cấp 90)	EF-LUU-NHAT-BAN	C	LIVING_LORE	UNASSIGNED	OPEN	REPEAT_LORE_REVIEW	Exclude repeated occurrence, preserve potential labor, economy, medicine or local conflict; repeat flag alone does not erase lore.
376	Truy Bắt Lưu Nhất Bán (cấp 110)	EF-LUU-NHAT-BAN	C	LIVING_LORE	UNASSIGNED	OPEN	REPEAT_LORE_REVIEW	Exclude repeated occurrence, preserve potential labor, economy, medicine or local conflict; repeat flag alone does not erase lore.
377	Truy Bắt Lưu Nhất Bán (cấp 130)	EF-LUU-NHAT-BAN	C	LIVING_LORE	UNASSIGNED	OPEN	REPEAT_LORE_REVIEW	Exclude repeated occurrence, preserve potential labor, economy, medicine or local conflict; repeat flag alone does not erase lore.
378	Binh Pháp 36 Kế (cấp 130)	EF-T0378	C	LIVING_LORE	UNASSIGNED	OPEN	REPEAT_LORE_REVIEW	Exclude repeated occurrence, preserve potential labor, economy, medicine or local conflict; repeat flag alone does not erase lore.
379	Khuyết Nhất Môn (cấp 130)	EF-T0379	C	LIVING_LORE	UNASSIGNED	OPEN	REPEAT_LORE_REVIEW	Exclude repeated occurrence, preserve potential labor, economy, medicine or local conflict; repeat flag alone does not erase lore.
380	Túi Quân Hưởng (cấp 130)	EF-QUAN-HUONG	C	LIVING_LORE	UNASSIGNED	OPEN	REPEAT_LORE_REVIEW	Exclude repeated occurrence, preserve potential labor, economy, medicine or local conflict; repeat flag alone does not erase lore.
381	Thám Thính Quân Doanh	EF-T0381	C	LIVING_LORE	UNASSIGNED	OPEN	REPEAT_LORE_REVIEW	Exclude repeated occurrence, preserve potential labor, economy, medicine or local conflict; repeat flag alone does not erase lore.
382	Giang Sơn Bắc Vọng	EF-T0382	A	WITNESS_RELAY	UNASSIGNED	V	WORLD_EVENT	Preserve substantial source event independently of trio; scene owner and eligible satellite POV not selected.
383	Nhiệm vụ Thiên Vương (cấp 20)	EF-SECT-01	B	LIVING_LORE	UNASSIGNED	OPEN	SECT_FAMILY	Preserve institutions, practices and NPC material; strip level/reward loops; select narrative pieces after branch review.
384	Nhiệm vụ Cái Bang (cấp 20)	EF-SECT-02	B	LIVING_LORE	UNASSIGNED	OPEN	SECT_FAMILY	Preserve institutions, practices and NPC material; strip level/reward loops; select narrative pieces after branch review.
385	Nhiệm vụ Ngũ Độc (cấp 20)	EF-SECT-03	B	LIVING_LORE	UNASSIGNED	OPEN	SECT_FAMILY	Preserve institutions, practices and NPC material; strip level/reward loops; select narrative pieces after branch review.
386	Nhiệm vụ Côn Lôn (cấp 20)	EF-SECT-04	B	LIVING_LORE	UNASSIGNED	OPEN	SECT_FAMILY	Preserve institutions, practices and NPC material; strip level/reward loops; select narrative pieces after branch review.
387	Nhiệm vụ Võ Đang (cấp 20)	EF-SECT-05	B	LIVING_LORE	UNASSIGNED	OPEN	SECT_FAMILY	Preserve institutions, practices and NPC material; strip level/reward loops; select narrative pieces after branch review.
388	Nhiệm vụ Thiếu Lâm (cấp 20)	EF-SECT-06	B	LIVING_LORE	UNASSIGNED	OPEN	SECT_FAMILY	Preserve institutions, practices and NPC material; strip level/reward loops; select narrative pieces after branch review.
389	Nhiệm vụ Thiên Nhẫn (cấp 20)	EF-SECT-07	B	LIVING_LORE	UNASSIGNED	OPEN	SECT_FAMILY	Preserve institutions, practices and NPC material; strip level/reward loops; select narrative pieces after branch review.
390	Nhiệm vụ Nga My (cấp 20)	EF-SECT-08	B	LIVING_LORE	UNASSIGNED	OPEN	SECT_FAMILY	Preserve institutions, practices and NPC material; strip level/reward loops; select narrative pieces after branch review.
391	Nhiệm vụ Đường Môn (cấp 20)	EF-SECT-09	B	LIVING_LORE	UNASSIGNED	OPEN	SECT_FAMILY	Preserve institutions, practices and NPC material; strip level/reward loops; select narrative pieces after branch review.
392	Nhiệm vụ Thúy Yên (cấp 20)	EF-SECT-10	B	LIVING_LORE	UNASSIGNED	OPEN	SECT_FAMILY	Preserve institutions, practices and NPC material; strip level/reward loops; select narrative pieces after branch review.
393	Nhiệm vụ Minh Giáo (cấp 20)	EF-SECT-11	B	LIVING_LORE	UNASSIGNED	OPEN	SECT_FAMILY	Preserve institutions, practices and NPC material; strip level/reward loops; select narrative pieces after branch review.
394	Nhiệm vụ Đoàn Thị (cấp 20)	EF-SECT-12	B	LIVING_LORE	UNASSIGNED	OPEN	SECT_FAMILY	Preserve institutions, practices and NPC material; strip level/reward loops; select narrative pieces after branch review.
395	Tào Bang Nghị Sự	EF-T0395	A	WITNESS_RELAY	UNASSIGNED	V	WORLD_EVENT	Preserve substantial source event independently of trio; scene owner and eligible satellite POV not selected.
396	Hủ Thực Chi Chủng	EF-T0396	A	WITNESS_RELAY	UNASSIGNED	V	WORLD_EVENT	Preserve substantial source event independently of trio; scene owner and eligible satellite POV not selected.
397	Diêm Bang Hành	EF-T0397	A	WITNESS_RELAY	UNASSIGNED	V	WORLD_EVENT	Preserve substantial source event independently of trio; scene owner and eligible satellite POV not selected.
398	Tụ Hiền Đại Hội	EF-T0398	A	WITNESS_RELAY	UNASSIGNED	V	WORLD_EVENT	Preserve substantial source event independently of trio; scene owner and eligible satellite POV not selected.
399	Thảo Nguyên Hùng Ưng	EF-T0399	A	WITNESS_RELAY	UNASSIGNED	V	WORLD_EVENT	Preserve substantial source event independently of trio; scene owner and eligible satellite POV not selected.
400	Mãn Giang Hồng	EF-T0400	A	WITNESS_RELAY	UNASSIGNED	V	WORLD_EVENT	Preserve substantial source event independently of trio; scene owner and eligible satellite POV not selected.
401	Ma Y Dự Ngôn	EF-T0401	A	WITNESS_RELAY	UNASSIGNED	V	WORLD_EVENT	Preserve substantial source event independently of trio; scene owner and eligible satellite POV not selected.
402	Mã Bang Hành	EF-T0402	A	WITNESS_RELAY	UNASSIGNED	V	WORLD_EVENT	Preserve substantial source event independently of trio; scene owner and eligible satellite POV not selected.
403	Khiêu Hà Tử	EF-T0403	A	WITNESS_RELAY	UNASSIGNED	V	WORLD_EVENT	Preserve substantial source event independently of trio; scene owner and eligible satellite POV not selected.
404	Đúc Kiếm	EF-T0404	A	WITNESS_RELAY	UNASSIGNED	V	WORLD_EVENT	Preserve substantial source event independently of trio; scene owner and eligible satellite POV not selected.
405	Nhiệm vụ Thiên Vương (cấp 30)	EF-SECT-01	B	LIVING_LORE	UNASSIGNED	OPEN	SECT_FAMILY	Preserve institutions, practices and NPC material; strip level/reward loops; select narrative pieces after branch review.
406	Nhiệm vụ Cái Bang (cấp 30)	EF-SECT-02	B	LIVING_LORE	UNASSIGNED	OPEN	SECT_FAMILY	Preserve institutions, practices and NPC material; strip level/reward loops; select narrative pieces after branch review.
407	Nhiệm vụ Ngũ Độc (cấp 30)	EF-SECT-03	B	LIVING_LORE	UNASSIGNED	OPEN	SECT_FAMILY	Preserve institutions, practices and NPC material; strip level/reward loops; select narrative pieces after branch review.
408	Nhiệm vụ Côn Lôn (cấp 30)	EF-SECT-04	B	LIVING_LORE	UNASSIGNED	OPEN	SECT_FAMILY	Preserve institutions, practices and NPC material; strip level/reward loops; select narrative pieces after branch review.
409	Nhiệm vụ Võ Đang (cấp 30)	EF-SECT-05	B	LIVING_LORE	UNASSIGNED	OPEN	SECT_FAMILY	Preserve institutions, practices and NPC material; strip level/reward loops; select narrative pieces after branch review.
410	Nhiệm vụ Thiếu Lâm (cấp 30)	EF-SECT-06	B	LIVING_LORE	UNASSIGNED	OPEN	SECT_FAMILY	Preserve institutions, practices and NPC material; strip level/reward loops; select narrative pieces after branch review.
411	Nhiệm vụ Thiên Nhẫn (cấp 30)	EF-SECT-07	B	LIVING_LORE	UNASSIGNED	OPEN	SECT_FAMILY	Preserve institutions, practices and NPC material; strip level/reward loops; select narrative pieces after branch review.
412	Nhiệm vụ Nga My (cấp 30)	EF-SECT-08	B	LIVING_LORE	UNASSIGNED	OPEN	SECT_FAMILY	Preserve institutions, practices and NPC material; strip level/reward loops; select narrative pieces after branch review.
413	Nhiệm vụ Đường Môn (cấp 30)	EF-SECT-09	B	LIVING_LORE	UNASSIGNED	OPEN	SECT_FAMILY	Preserve institutions, practices and NPC material; strip level/reward loops; select narrative pieces after branch review.
414	Nhiệm vụ Thúy Yên (cấp 30)	EF-SECT-10	B	LIVING_LORE	UNASSIGNED	OPEN	SECT_FAMILY	Preserve institutions, practices and NPC material; strip level/reward loops; select narrative pieces after branch review.
415	Nhiệm vụ Minh Giáo (cấp 30)	EF-SECT-11	B	LIVING_LORE	UNASSIGNED	OPEN	SECT_FAMILY	Preserve institutions, practices and NPC material; strip level/reward loops; select narrative pieces after branch review.
416	Nhiệm vụ Đoàn Thị (cấp 30)	EF-SECT-12	B	LIVING_LORE	UNASSIGNED	OPEN	SECT_FAMILY	Preserve institutions, practices and NPC material; strip level/reward loops; select narrative pieces after branch review.
417	Nhiệm vụ Thiên Vương (cấp 40)	EF-SECT-01	B	LIVING_LORE	UNASSIGNED	OPEN	SECT_FAMILY	Preserve institutions, practices and NPC material; strip level/reward loops; select narrative pieces after branch review.
418	Nhiệm vụ Cái Bang (cấp 40)	EF-SECT-02	B	LIVING_LORE	UNASSIGNED	OPEN	SECT_FAMILY	Preserve institutions, practices and NPC material; strip level/reward loops; select narrative pieces after branch review.
419	Nhiệm vụ Ngũ Độc (cấp 40)	EF-SECT-03	B	LIVING_LORE	UNASSIGNED	OPEN	SECT_FAMILY	Preserve institutions, practices and NPC material; strip level/reward loops; select narrative pieces after branch review.
420	Nhiệm vụ Côn Lôn (cấp 40)	EF-SECT-04	B	LIVING_LORE	UNASSIGNED	OPEN	SECT_FAMILY	Preserve institutions, practices and NPC material; strip level/reward loops; select narrative pieces after branch review.
421	Nhiệm vụ Võ Đang (cấp 40)	EF-SECT-05	B	LIVING_LORE	UNASSIGNED	OPEN	SECT_FAMILY	Preserve institutions, practices and NPC material; strip level/reward loops; select narrative pieces after branch review.
422	Nhiệm vụ Thiếu Lâm (cấp 40)	EF-SECT-06	B	LIVING_LORE	UNASSIGNED	OPEN	SECT_FAMILY	Preserve institutions, practices and NPC material; strip level/reward loops; select narrative pieces after branch review.
423	Nhiệm vụ Thiên Nhẫn (cấp 40)	EF-SECT-07	B	LIVING_LORE	UNASSIGNED	OPEN	SECT_FAMILY	Preserve institutions, practices and NPC material; strip level/reward loops; select narrative pieces after branch review.
424	Nhiệm vụ Nga My (cấp 40)	EF-SECT-08	B	LIVING_LORE	UNASSIGNED	OPEN	SECT_FAMILY	Preserve institutions, practices and NPC material; strip level/reward loops; select narrative pieces after branch review.
425	Nhiệm vụ Đường Môn (cấp 40)	EF-SECT-09	B	LIVING_LORE	UNASSIGNED	OPEN	SECT_FAMILY	Preserve institutions, practices and NPC material; strip level/reward loops; select narrative pieces after branch review.
426	Nhiệm vụ Thúy Yên (cấp 40)	EF-SECT-10	B	LIVING_LORE	UNASSIGNED	OPEN	SECT_FAMILY	Preserve institutions, practices and NPC material; strip level/reward loops; select narrative pieces after branch review.
427	Nhiệm vụ Minh Giáo (cấp 40)	EF-SECT-11	B	LIVING_LORE	UNASSIGNED	OPEN	SECT_FAMILY	Preserve institutions, practices and NPC material; strip level/reward loops; select narrative pieces after branch review.
428	Nhiệm vụ Đoàn Thị (cấp 40)	EF-SECT-12	B	LIVING_LORE	UNASSIGNED	OPEN	SECT_FAMILY	Preserve institutions, practices and NPC material; strip level/reward loops; select narrative pieces after branch review.
429	Hành Trình Bất Tận	EF-T0429	C	EXCLUDE_GAMEPLAY	UNASSIGNED	OPEN	UTILITY_REVIEW	Provisional omission of tutorial/live-event wrapper; retain source for any reusable social material.
430	Kỹ năng cấp 110_Thiếu Lâm	EF-SECT-06	B	LIVING_LORE	UNASSIGNED	OPEN	SECT_FAMILY	Preserve institutions, practices and NPC material; strip level/reward loops; select narrative pieces after branch review.
431	Kỹ năng cấp 110_Thiên Vương	EF-SECT-01	B	LIVING_LORE	UNASSIGNED	OPEN	SECT_FAMILY	Preserve institutions, practices and NPC material; strip level/reward loops; select narrative pieces after branch review.
432	Kỹ năng cấp 110_Đường Môn	EF-SECT-09	B	LIVING_LORE	UNASSIGNED	OPEN	SECT_FAMILY	Preserve institutions, practices and NPC material; strip level/reward loops; select narrative pieces after branch review.
433	Kỹ năng cấp 110_Ngũ Độc	EF-SECT-03	B	LIVING_LORE	UNASSIGNED	OPEN	SECT_FAMILY	Preserve institutions, practices and NPC material; strip level/reward loops; select narrative pieces after branch review.
434	Kỹ năng cấp 110_Nga My	EF-SECT-08	B	LIVING_LORE	UNASSIGNED	OPEN	SECT_FAMILY	Preserve institutions, practices and NPC material; strip level/reward loops; select narrative pieces after branch review.
435	Kỹ năng cấp 110_Thúy Yên	EF-SECT-10	B	LIVING_LORE	UNASSIGNED	OPEN	SECT_FAMILY	Preserve institutions, practices and NPC material; strip level/reward loops; select narrative pieces after branch review.
436	Kỹ năng cấp 110_Cái Bang	EF-SECT-02	B	LIVING_LORE	UNASSIGNED	OPEN	SECT_FAMILY	Preserve institutions, practices and NPC material; strip level/reward loops; select narrative pieces after branch review.
437	Kỹ năng cấp 110_Thiên Nhẫn	EF-SECT-07	B	LIVING_LORE	UNASSIGNED	OPEN	SECT_FAMILY	Preserve institutions, practices and NPC material; strip level/reward loops; select narrative pieces after branch review.
438	Kỹ năng cấp 110_Võ Đang	EF-SECT-05	B	LIVING_LORE	UNASSIGNED	OPEN	SECT_FAMILY	Preserve institutions, practices and NPC material; strip level/reward loops; select narrative pieces after branch review.
439	Kỹ năng cấp 110_Côn Lôn	EF-SECT-04	B	LIVING_LORE	UNASSIGNED	OPEN	SECT_FAMILY	Preserve institutions, practices and NPC material; strip level/reward loops; select narrative pieces after branch review.
440	Kỹ năng cấp 110_Minh Giáo	EF-SECT-11	B	LIVING_LORE	UNASSIGNED	OPEN	SECT_FAMILY	Preserve institutions, practices and NPC material; strip level/reward loops; select narrative pieces after branch review.
441	Kỹ năng cấp 110_Đoàn Thị	EF-SECT-12	B	LIVING_LORE	UNASSIGNED	OPEN	SECT_FAMILY	Preserve institutions, practices and NPC material; strip level/reward loops; select narrative pieces after branch review.
442	Hừng Hực Khí Thế	EF-T0442	A	WITNESS_RELAY	UNASSIGNED	V	WORLD_EVENT	Preserve substantial source event independently of trio; scene owner and eligible satellite POV not selected.
443	Liên Thủy Đăng Lục	EF-T0443	A	WITNESS_RELAY	UNASSIGNED	V	WORLD_EVENT	Preserve substantial source event independently of trio; scene owner and eligible satellite POV not selected.
444	Dương Đông Kích Tây	EF-T0444	A	WITNESS_RELAY	UNASSIGNED	V	WORLD_EVENT	Preserve substantial source event independently of trio; scene owner and eligible satellite POV not selected.
445	Xả Thân Vì Nghĩa	EF-T0445	A	WITNESS_RELAY	UNASSIGNED	V	WORLD_EVENT	Preserve substantial source event independently of trio; scene owner and eligible satellite POV not selected.
446	Như Từng Quen Biết	EF-T0446	A	WITNESS_RELAY	UNASSIGNED	V	WORLD_EVENT	Preserve substantial source event independently of trio; scene owner and eligible satellite POV not selected.
447	Chẳng Như Hoài Niệm	EF-T0447	A	WITNESS_RELAY	UNASSIGNED	V	WORLD_EVENT	Preserve substantial source event independently of trio; scene owner and eligible satellite POV not selected.
448	Tiểu Thư Họ Bạch	EF-T0448	A	WITNESS_RELAY	UNASSIGNED	V	WORLD_EVENT	Preserve substantial source event independently of trio; scene owner and eligible satellite POV not selected.
449	Mối Duyên Sơn Trại	EF-T0449	A	WITNESS_RELAY	UNASSIGNED	V	WORLD_EVENT	Preserve substantial source event independently of trio; scene owner and eligible satellite POV not selected.
450	Thân Thế Mơ Hồ	EF-T0450	A	DIRECT_TRIO	tieu-phung	V	VISION_LOCK	R-12/R-18 select parentage; source vision stays uncertain; external corroboration still a candidate.
451	Du Long Tái Hiện	EF-T0451	A	DIRECT_TRIO	tieu-phung	V	VISION_LOCK	R-12/R-18 select parentage; source vision stays uncertain; external corroboration still a candidate.
452	Hiệp Cốt Nhu Tình	EF-T0452	A	WITNESS_RELAY	UNASSIGNED	V	WORLD_EVENT	Preserve substantial source event independently of trio; scene owner and eligible satellite POV not selected.
453	Tam Hoàn Trận	EF-T0453	A	WITNESS_RELAY	UNASSIGNED	V	WORLD_EVENT	Preserve substantial source event independently of trio; scene owner and eligible satellite POV not selected.
454	Vu Chi Hoặc	EF-T0454	A	WITNESS_RELAY	UNASSIGNED	V	WORLD_EVENT	Preserve substantial source event independently of trio; scene owner and eligible satellite POV not selected.
455	Thâm Nhập Bí Huyệt	EF-T0455	A	WITNESS_RELAY	UNASSIGNED	V	WORLD_EVENT	Preserve substantial source event independently of trio; scene owner and eligible satellite POV not selected.
456	Du Long Sứ	EF-T0456	A	WITNESS_RELAY	UNASSIGNED	V	WORLD_EVENT	Preserve substantial source event independently of trio; scene owner and eligible satellite POV not selected.
457	Thái Tổ Bí Sử	EF-T0457	A	WITNESS_RELAY	UNASSIGNED	V	WORLD_EVENT	Preserve substantial source event independently of trio; scene owner and eligible satellite POV not selected.
458	Ngưng Mi Xả Thân	EF-T0458	A	WITNESS_RELAY	UNASSIGNED	V	WORLD_EVENT	Preserve substantial source event independently of trio; scene owner and eligible satellite POV not selected.
459	Đốt Lương	EF-T0459	A	WITNESS_RELAY	UNASSIGNED	V	WORLD_EVENT	Preserve substantial source event independently of trio; scene owner and eligible satellite POV not selected.
460	Triệt Nguồn Nước	EF-T0460	A	WITNESS_RELAY	UNASSIGNED	V	WORLD_EVENT	Preserve substantial source event independently of trio; scene owner and eligible satellite POV not selected.
461	Tế Đồng	EF-T0461	A	WITNESS_RELAY	UNASSIGNED	V	WORLD_EVENT	Preserve substantial source event independently of trio; scene owner and eligible satellite POV not selected.
462	Tộc Hỏa Lỗ	EF-T0462	A	WITNESS_RELAY	UNASSIGNED	V	WORLD_EVENT	Preserve substantial source event independently of trio; scene owner and eligible satellite POV not selected.
464	Kết Bạn Lên Đường	EF-T0464	C	EXCLUDE_GAMEPLAY	UNASSIGNED	OPEN	UTILITY_REVIEW	Provisional omission of tutorial/live-event wrapper; retain source for any reusable social material.
465	Càng Thêm Lớn Mạnh	EF-T0465	C	EXCLUDE_GAMEPLAY	UNASSIGNED	OPEN	UTILITY_REVIEW	Provisional omission of tutorial/live-event wrapper; retain source for any reusable social material.
466	Chúc Tết Năm Mới	EF-T0466	C	EXCLUDE_GAMEPLAY	UNASSIGNED	OPEN	UTILITY_REVIEW	Provisional omission of tutorial/live-event wrapper; retain source for any reusable social material.
467	Lương Duyên Tiền Định	EF-T0467	C	EXCLUDE_GAMEPLAY	UNASSIGNED	OPEN	UTILITY_REVIEW	Provisional omission of tutorial/live-event wrapper; retain source for any reusable social material.
468	"""Vô Tự Thiên Thư"""	EF-T0468	C	EXCLUDE_GAMEPLAY	UNASSIGNED	OPEN	UTILITY_REVIEW	Provisional omission of tutorial/live-event wrapper; retain source for any reusable social material.
469	Tâm Nguyện	EF-T0469	C	EXCLUDE_GAMEPLAY	UNASSIGNED	OPEN	UTILITY_REVIEW	Provisional omission of tutorial/live-event wrapper; retain source for any reusable social material.
